country,sector,occupation,year,gender_pay_gap,cooks_distance,leverage,residual
LV,Public Admin,Clerical,2018,2.96189772547363,0.04698889462350828,9.045945185147035e-4,-233.68950206922423
LT,Manufacturing,Managers,2010,24.9177565594159,0.043135711651823054,0.002810711576819044,-126.77965049749687
HU,Trade,Agriculture,2010,4.6727266089877,0.013349895879638161,0.0011051221117353766,-112.67179003882326
LV,Electricity,Technicians,2022,4.08293739989502,0.012223013449067928,4.159827182465857e-4,-175.84596482485148
EL,Manufacturing,Technicians,2022,22.816252839987,0.011720060732958995,4.010695417059173e-4,-175.3648208638219
IE,Finance,Technicians,2010,25.4416422865489,0.01045450356304371,0.002810711576819044,-62.41410884114125
NL,Transport,Craft,2014,37.5612124102573,0.010209455018326043,5.852893231642979e-4,-135.46382044493066
FR,Real Estate,Elementary,2014,10.8440981477684,0.009470280823487909,0.0011051221117353766,-94.8981363245027
IT,Education Sector,Clerical,2018,5.67797319432322,0.009040877114170348,5.550221280183273e-4,-130.90933809613512
EE,Admin Services,Agriculture,2010,-144.997349087329,0.008965951599822329,7.539247820580761e-4,-111.8325530403334
NL,Other Services,Managers,2014,24.6955201480668,0.008725590801683997,3.679149310645844e-4,-157.98851052873067
AT,Professional,Clerical,2010,11.3877705423005,0.008461627418494664,0.0014578219330622234,-78.07333412306853
BG,Trade,Technicians,2022,13.0471794631491,0.006807727407102995,9.319181393704847e-4,-87.63324296178929
EU15,Electricity,Agriculture,2010,-92.5090211483122,0.006060543629329416,0.0011051221117353766,-75.91577777815436
AL,Finance,Elementary,2018,-52.9305699535713,0.005964483713449056,0.0024855259498947116,-50.14851609431229
EE,Health,Technicians,2018,7.44373421113067,0.005927094161388974,0.0020876158676921366,-54.569457211384055
UK,Arts,Clerical,2014,10.6140615016268,0.005834292989816177,7.539247820580761e-4,-90.21196900244608
RO,Electricity,Technicians,2018,22.7959749209126,0.005068953359377742,9.236008167466375e-4,-75.95866028659837
LT,Arts,Professionals,2022,11.601140761866,0.005027377779753088,3.343017760376152e-4,-125.81076756474079
MK,Education Sector,Professionals,2014,29.8725854769898,0.004902287699233731,0.0011051221117353766,-68.27719208248831
EL,Finance,Elementary,2010,30.6159106936147,0.004868619235689717,3.8563692436561375e-4,-115.26771677097089
ES,Professional,Craft,2010,24.3061147522603,0.004541441365130181,9.377553469109101e-4,-71.35201316091592
DE,Real Estate,Clerical,2010,8.02549575070821,0.004456163730686272,0.0013086092619726652,-59.809267545175395
MK,Real Estate,Elementary,2010,16.0407124681934,0.004247182750798521,0.0014494805714450262,55.47226766271286
LV,Other Services,Managers,2010,34.6278317152104,0.003800021968506167,6.12027035090557e-4,-80.81713899683135
CY,Hospitality,Elementary,2022,-3.39312373759551,0.0037555073351328203,0.0013805240087883396,53.45323083591252
TR,Mining,Elementary,2010,31.8739186037764,0.0037143407305429968,0.0010359279494563487,-61.388577082155635
HR,Manufacturing,Professionals,2010,5.81584072711534,0.0034922865808548528,0.00297421302866469,-35.06201697475976
IE,Hospitality,Service,2010,13.2940123927234,0.003475326232147657,0.0013086092619726652,-52.81845620088569
EL,Public Admin,Technicians,2010,10.6156031978285,0.0033415926041582616,8.143626467540993e-4,-65.68642313214117
BG,Public Admin,Clerical,2014,-24.6668408675202,0.003304721180593516,5.032211729735733e-4,-83.12486650751048
DE,Trade,Technicians,2014,23.6975561569124,0.003032323638971035,7.416312931198123e-4,-65.57422244068552
BA,Health,Managers,2022,-37.0023748645003,0.003021859179008615,0.002403487563495269,-36.3021792189479
BG,Water,Managers,2010,-10.3281950278353,0.0029472155665014703,6.18270681236779e-4,-70.81245207732326
MT,Transport,Clerical,2014,1.60279970596695,0.002886400756634427,0.0014036018126146613,-46.47377519562808
FR,Construction,Managers,2014,12.1296819212987,0.0025441874511936266,6.260222149562284e-4,-65.38367399437665
MK,Transport,Clerical,2014,19.3171182061856,0.0025133100432059774,7.539247820580761e-4,-59.20972961619272
NL,Other Services,Operators,2014,2.89705326038473,0.002495589931958914,5.032211729735733e-4,72.23541319364084
TR,Water,Clerical,2018,21.2931874796924,0.0024617792063832914,0.001291680943044049,44.745276266772116
ME,Trade,Professionals,2014,-45.5510182150341,0.0024348288842011142,0.0014228256085869401,-42.39372941961361
LV,Health,Service,2018,1.44163277059861,0.00242563218479917,7.361518565396528e-4,-58.86681595537368
HU,Finance,Clerical,2018,10.8107324351488,0.0023879444088951624,6.352687796968505e-4,-62.88093220276008
IE,Trade,Professionals,2018,12.7136147798334,0.002346115249522166,7.696417697494408e-4,-56.618398328191226
NL,Professional,Technicians,2010,20.4353273605133,0.002325849507246793,7.320429956705839e-4,-57.80508907646408
NL,Transport,Craft,2022,40.4447216460167,0.00232053192057018,7.694831814195916e-4,-56.31466428708085
ME,Construction,Clerical,2014,-27.7165320685382,0.0022343915996248663,0.003001113641014748,-27.918668413934785
LV,Professional,Clerical,2014,21.0013417131558,0.0022303420832294574,7.264569042905154e-4,-56.8233460596018
BE,Health,Craft,2010,6.72256148992881,0.0021791736798699468,0.003786724954141733,-24.52607032364396
ES,Mining,Technicians,2010,22.4572898981324,0.002141339113572167,0.0013086092619726652,-41.46012804408714
IT,Other Services,Elementary,2022,9.76852252720293,0.002022149286748037,7.694306694827851e-4,-52.571355555280675
LT,IT,Managers,2010,18.3315321389266,0.001907109366635295,0.001841426961333276,-32.966412985562876
HU,IT,Professionals,2010,21.032453398067,0.0019009701669028892,0.0012698061871353127,-39.657808736693816
IE,Health,Professionals,2010,24.8880047155909,0.0018671119286581763,0.002810711576819044,26.37644390968354
LV,Transport,Craft,2018,33.1340060628711,0.0018556000761660186,0.0013086092619726652,-38.5949164334236
AL,Manufacturing,Technicians,2018,2.92732176680935,0.0018108898091341887,9.209185573404655e-4,-45.46705960890088
HU,Finance,Craft,2018,-19.872587607749,0.0017517495082564854,7.543731742752809e-4,49.41704168708548
AL,Finance,Clerical,2022,24.2778617675091,0.0017314113812139525,0.0017302195728608198,32.40850898858534
MK,IT,Professionals,2010,11.5035973091608,0.001701327436732281,6.663947531433209e-4,51.82034061757918
HU,Electricity,Elementary,2018,19.0192577725269,0.001684892288581062,7.543731742752809e-4,48.46484323735991
LT,Arts,Technicians,2010,5.63781717066389,0.0016544529772877644,7.539247820580761e-4,-48.0393650545193
AL,Health,Service,2022,11.3257605785435,0.0016489889802160194,0.001074641086053745,-40.157974319127405
EL,Finance,Professionals,2022,19.6283226312829,0.0016421397579966658,3.7139971518405083e-4,-68.21573312771716
LV,IT,Managers,2010,23.9917325664989,0.0016103952862150193,0.0015997205118446288,-32.509514628763476
ME,Construction,Technicians,2014,-15.7458405867412,0.001572919952531831,0.003466423478910294,-21.78542521181794
LV,Transport,Technicians,2022,14.7322533623037,0.0015715864260167458,6.352687796968505e-4,-51.012428595017
PT,Hospitality,Managers,2018,5.08504549692935,0.0015680303754716225,0.0020876158676921366,28.067643798824943
EA13,Mining,Agriculture,2010,-40.2161049652688,0.0015674028815360942,0.0011051221117353766,-38.60704619624567
TR,Transport,Service,2010,3.94419784400761,0.0015654632609375637,9.414630541731977e-4,-41.80924617289587
IE,Real Estate,Technicians,2014,29.2965793855002,0.0015505120783391815,0.0020876158676921366,27.910415218222138
HU,Education Sector,Clerical,2014,18.2075665941263,0.001549937211677467,6.12027035090557e-4,-51.61399445774294
HR,Trade,Managers,2014,5.7208934142518,0.0015489511121693914,7.416312931198123e-4,-46.866684281593926
BG,Electricity,Craft,2018,-18.7899079277771,0.0015481823729763524,5.54619530547262e-4,-54.19187127422074
NL,Electricity,Craft,2014,31.0085442678585,0.0015464291156457733,6.242643213429854e-4,-51.0471094911128
NL,Hospitality,Agriculture,2014,-0.583574950599266,0.0015349998027665047,5.032211729735733e-4,-56.65232147568339
CY,Trade,Managers,2022,8.97119393397402,0.0015233986132194824,0.001849417002422734,29.399979168293843
EL,Hospitality,Clerical,2010,7.10364514712341,0.0014944142009409092,0.002491862253519302,-25.069837996112792
IE,Transport,Managers,2022,11.1863252754952,0.0014863843761791409,0.0015685305577926925,31.542705258541893
BA,Admin Services,Service,2022,-48.604424730892,0.0014862057264080845,9.045945185147035e-4,-41.56052777644589
SK,Education Sector,Technicians,2018,15.2251476377953,0.0014852372000858525,0.0020876158676921366,-27.316599148402336
MK,Manufacturing,Agriculture,2010,-81.8025751072961,0.0014533688900510904,0.0010935850103852346,37.37214804533358
LU,Manufacturing,Operators,2010,31.4542169874394,0.0014388398047664394,0.0011051221117353766,-36.9898420434231
PT,Manufacturing,Technicians,2010,21.0944079501432,0.001438423594337394,0.0012591640489385946,34.64309236443873
ME,Construction,Professionals,2014,-14.1170905062999,0.0014095949492120847,0.003466423478910294,-20.623382549050916
PT,Trade,Service,2014,5.5872819879611,0.0014071060688888263,3.343017760376152e-4,-66.55956414835744
TR,IT,Elementary,2010,30.7070617850991,0.0013831804780663382,0.001601240822474629,-30.11457469939863
BG,Water,Clerical,2022,8.95560104111389,0.0013827177913682798,5.852893231642979e-4,-49.852715001864325
BG,Admin Services,Operators,2014,-10.6733249190583,0.001380866755336089,3.343017760376152e-4,-65.93605179342158
AL,Trade,Technicians,2022,12.2382034876004,0.001379722810667987,4.6321125672345634e-4,-55.98436492735716
SE,Health,Technicians,2010,7.67682433881639,0.0013782223424836377,0.002810711576819044,-22.661607302471968
RS,Real Estate,Technicians,2014,1.37839020170206,0.0013772614772527888,0.002403487563495269,24.507769417633526
NL,Manufacturing,Elementary,2010,11.4101466754854,0.0013694514928608362,0.002810711576819044,22.589384273609657
PT,Mining,Clerical,2022,19.4753059896633,0.0013586481948595233,7.259185660097786e-4,-44.36656260095678
ES,Admin Services,Managers,2014,27.3087215335044,0.001358302322667127,0.0013086092619726652,-33.02068937008467
NL,Hospitality,Operators,2010,-55.7753769353338,0.0013412213594481328,0.0019078486853438977,27.15879583957817
FR,Hospitality,Managers,2014,13.6572868079264,0.0013407765985462457,7.29324228766674e-4,-43.97062470649363
NL,Hospitality,Managers,2010,17.6326373025321,0.0013251658749931848,0.0017692551534227322,-28.03705746904429
BG,Education Sector,Clerical,2014,3.12584941560206,0.0013224185965948004,0.0013086092619726652,32.58159853228485
BE,Hospitality,Technicians,2010,4.48210587831743,0.0013210655013324284,0.0013086092619726652,-32.564925562896434
EU15,Mining,Agriculture,2010,-35.4997871114784,0.0013060880878908475,0.0011051221117353766,-35.242157608925176
MK,Admin Services,Technicians,2018,26.1228058777981,0.0013014224647051324,0.0017187432600114308,-28.191498786073396
FI,Other Services,Technicians,2010,18.4520123839009,0.001287739538229815,0.0014019525938602949,-31.059872339085484
PT,Trade,Managers,2010,11.3504217508804,0.001267110501228745,0.0011051221117353766,-34.71230874489224
ES,Hospitality,Service,2010,15.5943986245733,0.0012444364486427163,0.002810711576819044,21.53363899088148
EE,Other Services,Craft,2010,29.1692928274297,0.0012401155161005488,0.0014566072083456096,-29.90118421308947
LT,Mining,Elementary,2010,27.9629328564461,0.0012369398693297534,0.0013086092619726652,-31.511001624777613
LU,Transport,Technicians,2014,25.5833989147993,0.001236607643226434,7.32172218992101e-4,-42.14565892607752
EU25,Hospitality,Operators,2010,-45.9019680866302,0.0012129018889585382,7.539247820580761e-4,-41.132289206875896
UK,Health,Managers,2010,25.3336359509759,0.001208477331270108,0.0018900223813053687,-25.90155159266612
LU,Transport,Technicians,2022,9.68686735169505,0.0011970520003032703,0.0015685305577926925,-28.30674159416789
EE,Water,Clerical,2010,33.3385861514703,0.0011841754992777324,0.0013546807781575994,-30.301381202616263
EL,Health,Technicians,2010,5.95032118210926,0.0011832881653513574,0.002389426297581178,22.783533904118112
EA13,Finance,Agriculture,2010,-45.0594590153834,0.0011777110170699669,7.539247820580761e-4,-40.53119546246808
EL,Real Estate,Craft,2010,-2.85937278274443,0.0011725079443159132,7.539247820580761e-4,-40.441563883214414
BG,Construction,Clerical,2022,17.8188713823911,0.0011568989645663586,7.259185660097786e-4,-40.94020285437576
HU,Water,Operators,2018,18.5630505571103,0.0011540011076859676,4.850993256590505e-4,-50.030938917860944
BE,Manufacturing,Professionals,2010,11.4236992257585,0.001139461177067352,0.0011051221117353766,32.91743762038117
RS,Public Admin,Elementary,2018,5.51484108221698,0.0011359227981614173,0.001261302494957533,-30.759428423658832
UK,Other Services,Technicians,2010,21.6484716907243,0.0011320486882875267,0.0011051221117353766,32.81019471519236
FR,Manufacturing,Clerical,2010,6.03140940088122,0.0011219184446795041,0.0017695379471283261,25.795451005904766
MK,Arts,Clerical,2014,-21.6968811799385,0.0011192607295414528,0.0010859914451613318,32.91108026264619
MK,IT,Technicians,2010,0.479185384845762,0.0011066510946922273,0.0010359279494563487,-33.50827381621998
NL,Water,Professionals,2014,11.5069235400361,0.001101177583456883,0.001255415638940713,-30.356448039650267
LV,Finance,Professionals,2010,24.9957095500899,0.001100921604069618,9.209185573404655e-4,35.451045993818155
LV,Electricity,Professionals,2022,12.8060512893604,0.0010993870311375624,4.010695417059173e-4,53.70971521275991
ES,Professional,Elementary,2010,14.8514851485149,0.0010990545155539866,9.397046747120717e-4,35.06446575329015
EE,Finance,Professionals,2022,20.5279785133993,0.0010932370921859559,7.29324228766674e-4,39.70467123969028
IE,Mining,Technicians,2010,16.2688384079276,0.0010877289481788892,0.0012554552640352868,30.170030239945614
AL,Finance,Professionals,2018,2.01992587441289,0.0010876217570071221,0.0029825602050915826,19.539286093201273
AL,Construction,Managers,2018,-46.2826568324922,0.0010784562576999356,4.6897812126403706e-4,-49.19068345498548
NL,Public Admin,Clerical,2018,9.63645661770788,0.0010708048734857493,8.634230768700554e-4,-36.11019258715939
EU25,Electricity,Agriculture,2010,58.5747959527284,0.0010685004226865882,0.0011051221117353766,31.87598428121023
ME,Professional,Professionals,2014,-25.4319482722069,0.0010651485783128576,0.0014228256085869401,-28.039644106276597
HU,Finance,Elementary,2018,4.03385007157881,0.0010540313986350722,8.730585774775839e-4,-35.62766460168487
NL,Admin Services,Agriculture,2022,15.4368161899142,0.0010487375907244992,4.1597471442490893e-4,51.50873227514964
IE,Other Services,Managers,2010,29.6468903295971,0.001043369127808227,0.0011051221117353766,31.498889721658017
NL,Other Services,Craft,2010,21.2689680465777,0.0010429515398204183,8.634230768700554e-4,35.63745647763644
LT,Water,Elementary,2010,26.5032524194828,0.0010412918621961998,0.0013086092619726652,-28.911734779911082
LU,IT,Professionals,2010,8.36600614602098,0.0010403423202023118,0.001038147399137544,32.45406709741681
HU,Trade,Professionals,2010,0.713658125481899,0.0010325578322660878,6.352687796968505e-4,-41.348909274986994
FR,Construction,Service,2018,12.445937106427,0.0010232438442547276,0.0011051221117353766,-31.193623439157427
ES,Professional,Managers,2010,22.2293923727626,0.0010216448379776427,0.0013086092619726652,28.637683604049318
SI,Health,Clerical,2018,0.28958358396206,0.0010213883966926145,0.0013546807781575994,28.141668917778166
BG,Real Estate,Technicians,2014,-9.76940521364259,0.0010170879714785856,5.936835976433173e-4,-42.45271076341329
BG,Transport,Craft,2010,5.69513695525481,9.946600925294993e-4,0.0010424096404638558,-31.668448817451214
BA,Transport,Managers,2022,-16.8936548441666,9.94408344292579e-4,0.001849417002422734,-23.75322730311872
IT,Manufacturing,Managers,2014,25.8061486528187,9.936852514590261e-4,7.539247820580761e-4,-37.23012261108631
ES,Transport,Elementary,2018,9.72418719970864,9.883585706376504e-4,7.350593577499161e-4,-37.6043697475078
LV,Hospitality,Elementary,2018,12.4708370398966,9.827654215771393e-4,6.595811714391505e-4,-39.58820995633898
ME,Transport,Professionals,2014,-23.6254392925972,9.694781776263914e-4,0.0014228256085869401,-26.750778165340208
UK,Finance,Service,2010,44.0733761453448,9.674202746809347e-4,0.002810711576819044,18.986226558590634
HR,Public Admin,Service,2010,8.92823973747756,9.634630141059236e-4,0.0015400942726056502,-25.629262174944962
AL,Mining,Operators,2022,32.5191789342733,9.565210572911408e-4,0.0013805240087883396,26.976581862807272
HU,Electricity,Craft,2018,-2.8484299239817,9.546771733320696e-4,6.352687796968505e-4,-39.75897087965585
IT,Hospitality,Service,2018,3.86201152217673,9.532388446886057e-4,7.671009624422889e-4,36.14955282502797
LT,Manufacturing,Agriculture,2010,15.7737744809451,9.497129940812781e-4,0.0013378473166558563,-27.30694454315952
HR,Finance,Service,2014,29.6546698770752,9.461567458644746e-4,7.694306694827851e-4,-35.96036682576407
EU15,Hospitality,Operators,2010,-39.1426636804,9.451659315268567e-4,7.539247820580761e-4,-36.30981816912131
BG,Admin Services,Managers,2022,-17.7162853080282,9.438172258590267e-4,5.032211729735733e-4,-44.42296055998876
RS,Admin Services,Operators,2018,16.0362294037994,9.43253612454527e-4,9.209185573404655e-4,-32.81444740531774
EU15,Finance,Agriculture,2010,-39.0470099136553,9.416163647001953e-4,7.539247820580761e-4,-36.2415733480487
TR,Electricity,Professionals,2014,19.692770268826,9.405648420571305e-4,7.671009624422889e-4,-35.90843139466207
BG,Transport,Professionals,2018,35.0932459677419,9.365718014870687e-4,0.0013086092619726652,27.419431934097492
HR,Hospitality,Service,2022,10.132278155534,9.319077752516025e-4,7.259185660097786e-4,-36.74419537574581
IE,Health,Managers,2014,22.8750153947206,9.309010110616369e-4,3.853079887355987e-4,-50.42454380586892
LT,Transport,Technicians,2010,45.1524673168032,9.301461402298498e-4,7.539247820580761e-4,36.02016008580164
UK,Health,Operators,2010,9.5547032886276,9.201638221025844e-4,0.002810711576819044,18.51670226883994
EL,Other Services,Technicians,2022,0.274700612241234,9.167678421596712e-4,3.7139971518405083e-4,50.969359772739736
PT,Hospitality,Technicians,2018,21.7089137786603,9.110517174284636e-4,7.336827888576556e-4,36.13767448043844
BE,Manufacturing,Professionals,2014,6.5912967051364,9.075949760432035e-4,0.0011051221117353766,-29.378004731593908
EE,Health,Operators,2018,21.8461538461538,9.02646918096086e-4,6.056365064158629e-4,39.596010223965024
IE,Trade,Service,2018,-5.61323524332538,8.913340494174137e-4,8.143626467540993e-4,33.92494182583083
IE,Health,Operators,2010,19.706387503067,8.892112450893285e-4,0.002491862253519302,19.33830954740494
NL,Admin Services,Managers,2018,22.4701048688776,8.886932985568341e-4,7.694831814195916e-4,-34.850071919501346
DE,Hospitality,Service,2010,10.5903083700441,8.793264367169048e-4,0.002810711576819044,18.101148513889616
PT,Other Services,Clerical,2018,23.1807689246199,8.770510244902585e-4,7.416312931198123e-4,-35.266129982366444
LT,Professional,Professionals,2022,16.1516022478658,8.765736408519832e-4,4.1597471442490893e-4,-47.09140490571774
RS,Manufacturing,Operators,2022,19.0475664234011,8.698291766887109e-4,9.209185573404655e-4,-31.511410415028053
EL,Arts,Service,2010,-6.28980891719745,8.69228698367142e-4,0.0010706625882344837,29.210371840811032
FI,Transport,Technicians,2010,40.5497391552919,8.679966786503766e-4,0.0013546807781575994,-25.942595318888937
SK,Education Sector,Elementary,2018,16.3919219248236,8.678364716991896e-4,6.352687796968505e-4,-37.907558533364345
RO,Manufacturing,Technicians,2018,16.1811903310989,8.64457374662636e-4,4.931647520735477e-4,-42.94604242752362
AT,Finance,Managers,2014,34.4125360267961,8.468310695070095e-4,6.242643213429854e-4,37.775005680859294
HR,Education Sector,Clerical,2010,-7.75787909595683,8.315489303268886e-4,0.001849417002422734,21.721216751233282
NL,IT,Clerical,2014,10.2209446274576,8.308201041364984e-4,3.679149310645844e-4,-48.7507815012103
LT,Transport,Professionals,2022,23.9097843612397,8.291950802633556e-4,0.0011051221117353766,28.0804855578495
FR,Admin Services,Technicians,2014,6.72851618311013,8.266439253945005e-4,6.260222149562284e-4,-37.269537789796225
HU,Admin Services,Elementary,2014,3.0279281294575,8.262612306709971e-4,3.341842234086323e-4,-51.0131522216194
MT,Public Admin,Clerical,2018,-0.842216291371666,8.247515197276706e-4,7.43597815208524e-4,-34.15317253324992
RO,Real Estate,Technicians,2018,26.6046429204324,8.20466759565204e-4,4.1597471442490893e-4,-45.559394031998615
EL,Construction,Technicians,2022,21.6135505082383,8.176164561369842e-4,0.0013086092619726652,25.61903258296012
HR,Professional,Technicians,2022,-4.78430426566959,8.146039589279677e-4,7.264569042905154e-4,34.341109507301404
RO,Construction,Craft,2022,8.72376796599113,8.119481285909198e-4,7.084639326916001e-4,-34.71835037580539
TR,Construction,Clerical,2010,12.4423269809428,8.09105685893395e-4,0.0018792559094428464,-21.25466913892252
BA,Construction,Technicians,2022,-7.93062302906333,7.994996540923409e-4,0.003434089802420129,-15.605257746361751
IT,Public Admin,Technicians,2022,16.6337764852514,7.964582616195965e-4,0.0011051221117353766,27.520591605013898
RO,Mining,Clerical,2010,9.86635572697103,7.962853183278014e-4,0.0014717044786932282,-23.836694337128243
NL,Electricity,Professionals,2014,7.41797468036788,7.949088412032806e-4,6.260222149562284e-4,36.54714287969118
RO,Education Sector,Technicians,2022,-3.82497550316073,7.941819850324355e-4,7.29324228766674e-4,-33.8410976331708
PL,Manufacturing,Craft,2014,28.9317148848921,7.806792555400567e-4,7.539247820580761e-4,32.99942436266077
EA13,Education Sector,Operators,2010,-25.8158398232235,7.78828193939102e-4,0.0013086092619726652,-25.003957179609902
PT,Hospitality,Service,2010,14.2327163117827,7.756286040425052e-4,4.815938341298057e-4,41.16601694193157
RO,Admin Services,Agriculture,2022,6.0407758274469,7.750838536078448e-4,9.3759769971207e-4,-29.47951245910102
NL,Transport,Elementary,2014,23.0300147457547,7.712668199963327e-4,6.056365064158629e-4,36.60115581607638
SK,IT,Elementary,2010,-0.55874756206842,7.708772490276264e-4,0.001291829170668838,-25.03746047288477
FR,Other Services,Elementary,2022,7.97095891811745,7.707889679181992e-4,4.8205940420356966e-4,-41.01754487846875
SI,Other Services,Clerical,2014,1.92967026414644,7.692152524833417e-4,4.931647520735477e-4,-40.51121798170922
MK,Health,Managers,2010,16.9909088806126,7.659316257230532e-4,0.002810711576819044,-16.893750175441692
HU,Admin Services,Clerical,2010,-1.61618580150844,7.659302186967692e-4,3.8563692436561375e-4,45.71928054582137
SI,Transport,Managers,2022,20.1595787281756,7.639768200301372e-4,9.262184397563561e-4,-29.4471008955433
EL,Hospitality,Craft,2010,30.2979853325466,7.633069604607559e-4,0.001770361690187569,-21.272115041318006
SI,IT,Technicians,2018,15.5809170261864,7.628910589963599e-4,7.259185660097786e-4,33.245551103812105
SI,Water,Technicians,2018,3.88917620124003,7.502923214009568e-4,0.0013086092619726652,-24.541616482605182
HR,Professional,Professionals,2022,3.9237859520355,7.472679789992248e-4,7.259185660097786e-4,-32.90337600607137
EL,Admin Services,Managers,2022,51.2772295661888,7.410676441781105e-4,7.259185660097786e-4,32.7665864556243
LU,Manufacturing,Professionals,2014,27.4789490463777,7.392809676262952e-4,7.539247820580761e-4,32.11255102588252
IT,Manufacturing,Elementary,2010,14.4863496805244,7.247144189928887e-4,0.003786724954141733,14.14378017510386
HR,Arts,Clerical,2018,23.7554597282114,7.186927622000547e-4,7.696417697494408e-4,-31.33679264505879
RS,Health,Professionals,2014,19.6206049377744,7.154873078006152e-4,9.045945185147035e-4,-28.836500577868165
IT,Finance,Clerical,2018,21.2139903872579,7.137206915266004e-4,6.611680087677379e-4,-33.69632934847125
LT,Manufacturing,Technicians,2010,34.1400784504024,7.100973697371226e-4,0.0013086092619726652,23.875191631225707
LV,Finance,Managers,2022,25.4545853669245,7.049836361381986e-4,4.931647520735477e-4,-38.782953115305716
LV,Electricity,Agriculture,2010,24.0768782760629,7.048607185798842e-4,4.1597471442490893e-4,-42.22786241185213
CY,Manufacturing,Managers,2010,1.41062376019396,7.044637201885004e-4,0.0013416820177021423,-23.484593269903534
NL,Real Estate,Technicians,2022,15.7362265287353,6.998371541791408e-4,6.353012201461947e-4,-34.04036909277519
IE,Trade,Technicians,2022,18.0591349013087,6.971361283566187e-4,0.0011051221117353766,25.74749899892435
EE,Finance,Clerical,2022,13.8591489311361,6.952361057105184e-4,7.416312931198123e-4,-31.3986902797912
AL,Finance,Professionals,2022,12.030720037689,6.922100665833663e-4,4.6897812126403706e-4,-39.4094655017751
CY,Arts,Clerical,2010,9.96611959343512,6.919452525693875e-4,4.880633443330493e-4,-38.623120514704844
RO,Real Estate,Clerical,2022,3.6988451070298898,6.893277005905538e-4,6.372375339251731e-4,-33.73237792251165
LU,Finance,Clerical,2010,6.40110460341669,6.865702861500586e-4,5.244685670427146e-4,-37.112186238252306
EU25,Construction,Service,2010,35.0573314520184,6.846536772926816e-4,0.002810711576819044,15.972266175386633
LT,Other Services,Service,2010,46.472082034138,6.820159951322586e-4,0.0013086092619726652,23.398347907801238
LV,Trade,Technicians,2022,6.7124789037338,6.776391694468442e-4,9.968569513420717e-4,-26.730758818733218
EL,Manufacturing,Clerical,2022,12.3664223998932,6.77090665820838e-4,4.159827182465857e-4,-41.38726001478769
LV,Manufacturing,Technicians,2018,15.9288925063357,6.759254807631667e-4,7.29324228766674e-4,31.220067268524005
BA,Health,Operators,2022,38.0529613631319,6.75768317514242e-4,0.0014578219330622234,22.06351439210881
IT,Arts,Clerical,2014,24.3439738482699,6.737813538531247e-4,0.0013086092619726652,-23.256663449629716
ME,IT,Technicians,2014,-17.3309848684135,6.712956889576757e-4,0.0014228256085869401,-22.259957463270116
LU,Trade,Service,2010,14.628018988877,6.6520698790012e-4,0.0013086092619726652,-23.10821052438347
NL,Trade,Technicians,2022,24.8466722422215,6.635672755106768e-4,0.0013825047590536091,-22.45277043248007
BG,Arts,Managers,2014,11.9457577522793,6.619528258778884e-4,7.539247820580761e-4,30.3867018595383
SK,IT,Technicians,2010,24.5611954459203,6.60403901725091e-4,0.001594855025117211,20.850315115705527
BG,Public Admin,Professionals,2022,12.2298379858927,6.58883019141354e-4,6.353012201461947e-4,-33.02934187197357
TR,Hospitality,Professionals,2018,33.4500638252206,6.586349281337043e-4,3.341842234086323e-4,-45.54553959738154
BG,Admin Services,Operators,2022,-17.7439229304358,6.5712418084755e-4,3.9475455195587975e-4,-41.8552827767213
FR,IT,Clerical,2018,15.3123807846935,6.565987751073082e-4,4.883302457095854e-4,-37.61340879903991
SE,Trade,Professionals,2022,5.24853215812654,6.521106399494122e-4,0.0011051221117353766,24.90215304966531
LT,Other Services,Service,2022,5.21858826120472,6.510989850388439e-4,8.143626467540993e-4,-28.994950537893967
EL,Hospitality,Professionals,2010,26.4459890932723,6.488672139443742e-4,0.0013416820177021423,-22.538844245987693
BG,Transport,Craft,2022,1.51056741849162,6.481792586819264e-4,6.056365064158629e-4,-33.55367091413116
SI,Arts,Operators,2010,12.0975432541665,6.480136461034727e-4,7.259185660097786e-4,-30.64039430010791
IT,Construction,Technicians,2018,13.334690193441,6.438008740339921e-4,0.001261302494957533,-23.156858081844838
SI,Mining,Professionals,2022,16.8899626619811,6.387321066972326e-4,4.850993256590505e-4,-37.221589395055716
BG,Electricity,Technicians,2018,21.5672736687667,6.368052468013031e-4,6.719437719730667e-4,-31.572322724466186
UK,Public Admin,Clerical,2018,11.5543695797198,6.357836754377876e-4,7.539247820580761e-4,29.78000256658568
FR,IT,Clerical,2014,9.89317422238626,6.302751287604616e-4,4.7943672492177275e-4,37.192277383351254
EL,Manufacturing,Craft,2018,34.8355133890979,6.301825071515225e-4,6.372375339251731e-4,32.2527881307831
LV,Manufacturing,Service,2018,11.0005375105582,6.248439236533143e-4,7.264569042905154e-4,-30.076468392789373
BE,Manufacturing,Operators,2014,6.51518148551083,6.246192367666145e-4,0.0020876158676921366,17.714805904549106
PL,Hospitality,Elementary,2018,5.83697680247292,6.229101524495938e-4,7.259185660097786e-4,-30.041041043277826
RO,Transport,Clerical,2010,13.7393686854272,6.222523714167436e-4,5.852893231642979e-4,-33.443007011747405
HU,Electricity,Professionals,2018,13.3262155253599,6.202810693675408e-4,7.543731742752809e-4,-29.405935783398718
AT,Construction,Technicians,2014,19.9143082376021,6.16790692011634e-4,4.010695417059173e-4,-40.22966817572214
BG,Professional,Clerical,2014,0.373448982050351,6.103942725322588e-4,4.1597471442490893e-4,-39.296391204331954
HU,Professional,Service,2018,2.09946540535174,6.095235393182528e-4,4.1597471442490893e-4,-39.26835286430659
SK,IT,Operators,2010,-16.9191371153262,6.086546996005608e-4,0.0018957506502751311,-18.35407028829577
AL,Admin Services,Technicians,2018,13.8780548487555,6.077066717977541e-4,0.0010533607729191772,-24.624211041495393
SK,Manufacturing,Elementary,2014,18.0834462298287,6.061954541971985e-4,7.539247820580761e-4,-29.078793419849177
SI,Manufacturing,Clerical,2010,-3.74368911561936,6.054157203570927e-4,0.0018900223813053687,-18.33299303055455
NL,Admin Services,Professionals,2022,14.3669220076307,6.043819586284753e-4,7.29324228766674e-4,-29.521619002664817
NO,Health,Operators,2018,-0.179343886314972,5.989263740782515e-4,0.0011051221117353766,-23.865084355698354
RS,Arts,Professionals,2022,8.61400906872185,5.968760094805538e-4,7.373689783103476e-4,-29.177016433059777
HU,Real Estate,Professionals,2014,26.7832643679429,5.946456677053215e-4,3.9475455195587975e-4,-39.8158219511762
LV,Professional,Service,2018,18.0110323987628,5.938489710530817e-4,4.010695417059173e-4,-39.47440103845807
PT,Manufacturing,Technicians,2018,19.1071133395779,5.936764763628508e-4,4.1597471442490893e-4,38.754520172224105
IE,Real Estate,Service,2014,31.4553442979898,5.902650367834967e-4,0.0011051221117353766,23.6918941984883
UK,Health,Craft,2010,29.6831933850394,5.879232679766177e-4,0.0018405177337946638,18.308461907880307
IT,Transport,Clerical,2022,4.64939239292864,5.842353133942213e-4,0.0013671201030600777,-21.186442131702755
UK,Trade,Technicians,2018,18.9487911239204,5.833431080394736e-4,0.0020876158676921366,-17.119487381841257
RO,Finance,Managers,2018,30.4384073414738,5.831774544346527e-4,9.319181393704847e-4,25.648865943818876
IE,Hospitality,Craft,2010,19.4311902172707,5.787448920946847e-4,0.002810711576819044,14.68502370794471
IE,Admin Services,Elementary,2022,16.2415440948303,5.779995216581805e-4,3.679149310645844e-4,-40.662289032811934
AT,Manufacturing,Clerical,2010,19.876920152543,5.774631442674054e-4,0.001594855025117211,19.497096596012813
PT,Hospitality,Service,2018,8.4580626941542,5.774488275089174e-4,6.877907218228859e-4,-29.716071313082068
EL,Education Sector,Service,2010,28.8223938223938,5.770052343630714e-4,7.539247820580761e-4,-28.370038226770973
CY,Public Admin,Clerical,2018,25.5733741533246,5.76540423160817e-4,4.1597471442490893e-4,-38.19111386224443
LT,Construction,Craft,2018,10.401248328132,5.760166787651923e-4,9.771043813247937e-4,-24.893392884336187
IT,Hospitality,Operators,2010,-40.4325870041373,5.759684186923862e-4,4.931647520735477e-4,35.055058201846045
EU25,Finance,Agriculture,2010,-27.9729865940933,5.758139686390477e-4,7.539247820580761e-4,-28.340737179051366
MK,Other Services,Technicians,2010,2.48961329498242,5.755646784006596e-4,7.539247820580761e-4,-28.334601661021715
TR,Hospitality,Clerical,2018,4.95764259745682,5.753202407215907e-4,6.245127352695521e-4,-31.12966685769633
EU25,Public Admin,Operators,2010,-20.8019301470588,5.719219502829793e-4,0.0013086092619726652,-21.426749711791906
ES,Other Services,Managers,2010,21.6725023664452,5.703213335875079e-4,0.0013086092619726652,-21.39674558038679
SI,Manufacturing,Clerical,2018,-0.712858935612502,5.635556410083355e-4,7.264569042905154e-4,-28.56337126630941
EL,Other Services,Service,2010,-4.43684840198257,5.634839268899018e-4,0.0011051221117353766,23.148189078468533
EE,Water,Technicians,2014,1.26639261725091,5.613002111157051e-4,0.0011051221117353766,23.103291493471666
CH,Admin Services,Elementary,2022,17.3300664665273,5.59491147027149e-4,9.502618492736439e-4,24.878470440522864
AT,Health,Craft,2018,31.9445905999177,5.591998597251201e-4,0.0022679956207116918,16.078218538321465
LU,Construction,Technicians,2014,13.0874106220834,5.590972771202108e-4,7.539247820580761e-4,-27.926321475176934
EL,Water,Managers,2010,-4.74195710455764,5.576067746627938e-4,9.377553469109101e-4,-25.0019220112802
RS,Manufacturing,Elementary,2022,13.5860699644321,5.574656726826495e-4,0.001074641086053745,-23.34919896182488
RO,Admin Services,Professionals,2022,7.98845422573369,5.556672923482163e-4,6.582957988816347e-4,-29.796996495154893
RS,Education Sector,Clerical,2014,13.2577635954784,5.556643392314684e-4,7.194846554216184e-4,-28.49997750618453
SK,IT,Professionals,2018,24.6058003478764,5.534428735591455e-4,4.7943672492177275e-4,-34.8517096362156
LT,Arts,Professionals,2018,9.9445276754261709,5.518684272506082e-4,0.0012554552640352868,-21.48983971999343
LV,Finance,Managers,2010,40.458224108,5.516212964442474e-4,7.29324228766674e-4,28.203625383360826
TR,Manufacturing,Clerical,2018,18.2161127922598,5.491199901541794e-4,3.341842234086323e-4,-41.58695281976848
RO,Arts,Service,2014,-18.8718577559779,5.485406448114476e-4,3.916662349366945e-4,-38.391741338188126
RS,Transport,Elementary,2014,37.4907459920946,5.484910746444196e-4,7.994390349644561e-4,26.860022955470154
NL,IT,Technicians,2010,22.4618173827052,5.467732675922968e-4,0.001594855025117211,18.971926975368262
LT,Arts,Service,2022,34.3520438014201,5.459053561737772e-4,4.025277117801473e-4,37.778745955351475
PT,Manufacturing,Technicians,2022,15.9557064158923,5.430513382378499e-4,7.539247820580761e-4,27.522665293156514
LT,IT,Technicians,2010,15.7841998588053,5.42920081337e-4,0.002810711576819044,14.223255750502764
BA,Construction,Managers,2022,0.501016915521603,5.41534069903308e-4,0.003930230411942055,-11.999281697676437
UK,Real Estate,Technicians,2014,5.50189409468834,5.410931674617426e-4,7.539247820580761e-4,-27.47299894803633
RS,Transport,Professionals,2014,7.22390289167351,5.402936755676489e-4,7.369371843741102e-4,-27.767778975910606
IT,Education Sector,Professionals,2022,16.9911928089739,5.397532216471598e-4,3.916662349366945e-4,38.08298889986347
SK,Health,Clerical,2010,18.7706638994136,5.38925648677673e-4,7.416312931198123e-4,27.644567536470557
AT,IT,Service,2010,31.4253178089196,5.386178928162655e-4,0.002810711576819044,14.166789951425626
PT,Other Services,Craft,2018,39.6948380065392,0.00053717170218671765,7.264569042905154e-4,27.88673228054335
TR,Manufacturing,Elementary,2010,19.3908307334356,5.360588227049435e-4,0.0015884475161972028,18.823093071790893
EL,Professional,Professionals,2010,19.9750858988926,5.327771739118892e-4,0.0011051221117353766,22.50862987140472
HU,Electricity,Technicians,2018,35.6679864800363,5.286727363542965e-4,0.0013671201030600777,20.15382979329714
RO,Admin Services,Clerical,2022,4.71044565154866,5.282586159962412e-4,9.502618492736439e-4,-24.174102598807263
MK,Trade,Operators,2018,12.8956659517126,5.263096689882782e-4,0.001274448744743415,-20.828943948355867
HR,Hospitality,Professionals,2014,-3.25255562236921,5.257581437680439e-4,4.634167914435792e-4,-34.55154072056597
NL,Transport,Managers,2014,21.2888970558576,5.25486310265104e-4,5.936835976433173e-4,30.51454305453379
MT,Trade,Managers,2010,27.5614582752662,5.243179136381655e-4,0.0021120945427848346,16.135559629085808
PL,Admin Services,Operators,2022,28.4537084141104,5.239971949329071e-4,7.539247820580761e-4,27.035507449231154
LT,Admin Services,Professionals,2014,18.9893537047246,5.23985921258433e-4,0.0010935850103852346,-22.4398495005466
FR,Finance,Operators,2010,10.9891739581789,5.228628807198912e-4,7.416312931198123e-4,27.229475719478895
MK,Education Sector,Elementary,2014,66.8008437675382,5.218940891830168e-4,5.38720678450563e-4,-31.92544375748293
HU,IT,Technicians,2022,17.6697472885313,5.195220763681656e-4,9.209185573404655e-4,-24.35302194378021
LT,Construction,Professionals,2018,32.6844578451339,5.185351281291173e-4,7.539247820580761e-4,-26.894231322424055
BG,Real Estate,Professionals,2010,38.2625508367224,5.175868722040876e-4,6.056365064158629e-4,-29.98362255432743
EL,Electricity,Professionals,2010,26.8540050417212,5.165355390400228e-4,0.0010706625882344837,22.517499458634333
LV,Public Admin,Service,2018,16.2215948535197,5.158830292354725e-4,3.853079887355987e-4,37.53754341280744
CY,Trade,Elementary,2010,14.5101300983977,5.154184327574406e-4,0.0014751759201223648,19.154840273720534
LV,Hospitality,Service,2010,20.3082677673159,5.1486890013075e-4,0.0018915372899468753,16.89974754352968
AL,Manufacturing,Craft,2018,17.0108629401929,5.147262449203949e-4,0.001274448744743415,-20.598459089626193
CY,Transport,Clerical,2014,1.4481424454183,5.146999470249885e-4,3.916662349366945e-4,37.18865455387843
IS,Health,Clerical,2022,26.1539922284082,5.142072619224055e-4,4.159827182465857e-4,36.06719475602907
LV,Trade,Elementary,2010,16.2728413058955,5.135575575076196e-4,6.218703346880211e-4,29.473796892406753
SI,Manufacturing,Agriculture,2018,11.674482673229,5.135552297182623e-4,7.416312931198123e-4,26.986027081907952
FR,Transport,Professionals,2022,12.3564598811537,5.120943858190073e-4,6.877907218228859e-4,-27.983990666213757
CY,Trade,Professionals,2010,40.4908650671363,5.110123178928769e-4,0.0010796803690360324,-22.302858670133823
IT,Hospitality,Service,2010,14.63652266336,5.084564853932419e-4,4.883302457095854e-4,33.09935688471963
MK,Trade,Technicians,2014,20.4910391782367,5.078813298802056e-4,7.539247820580761e-4,26.61651362213096
LV,Finance,Managers,2018,31.5949225817725,5.069467115066963e-4,6.352687796968505e-4,-28.972636684721024
AL,Finance,Technicians,2022,4.8087501292104,5.069234213294116e-4,4.6897812126403706e-4,33.725062871878606
TR,Hospitality,Service,2010,-7.07408025825124,5.054702591353068e-4,0.001904431296466867,-16.68779205002178
UK,Real Estate,Professionals,2010,22.7838089666082,5.049942213655372e-4,3.853079887355987e-4,37.13927581268883
IE,Electricity,Clerical,2010,14.7378474218052,5.047900528965364e-4,7.29324228766674e-4,26.979867926725976
TR,Transport,Service,2018,5.29233519053803,5.035836837745829e-4,0.001274448744743415,20.374286186489993
PL,Hospitality,Service,2010,16.213781278154,4.99209065701707e-4,0.0014019525938602949,19.33868248903588
IE,Other Services,Operators,2010,23.9806805525195,4.982474317924016e-4,0.0015685305577926925,-18.262318234002905
PT,Manufacturing,Clerical,2010,13.6258363355636,4.966828262754774e-4,0.0016131202607127236,17.979046967358784
EL,IT,Managers,2014,20.6962895606467,4.955590604426183e-4,4.010695417059173e-4,-36.059961215276665
IE,Manufacturing,Technicians,2014,21.6755051352621,4.941869060950384e-4,6.084684872945571e-4,-29.229665113474667
HR,Professional,Clerical,2010,-2.07141798785005,4.932083362193383e-4,0.0018888998828041764,-16.55202839886749
BG,Professional,Service,2018,24.724652350999,4.927095750922451e-4,3.9246652492327375e-4,-36.34840133554218
BG,Trade,Professionals,2010,27.0683359415754,4.906860749971025e-4,5.936835976433173e-4,-29.486826500661117
RS,Hospitality,Technicians,2018,20.9775036228234,4.898595594883645e-4,0.001074641086053745,21.88762880154398
SI,Construction,Technicians,2022,14.2480507095978,4.898431855177951e-4,7.29324228766674e-4,-26.577428626894683
MT,Trade,Elementary,2010,17.7805969152701,4.89149343701893e-4,0.0029825602050915826,13.103595737233864
CH,Health,Operators,2018,13.2852689699062,4.8743447006747124e-4,7.694831814195916e-4,25.809871664746638
BG,Electricity,Operators,2018,38.2561643391764,4.8670120257928616e-4,6.18270681236779e-4,28.776295979378023
HU,Hospitality,Service,2018,8.00549232242137,4.865536103816116e-4,8.281633327399299e-4,-24.85473504741494
EE,Finance,Technicians,2022,23.3404003414191,4.836837872972143e-4,4.815938341298057e-4,-32.508183699783515
NL,Manufacturing,Elementary,2018,15.6854191386892,4.8227389799048673e-4,4.1597471442490893e-4,-34.92965710989224
DE,Trade,Operators,2010,24.2092076417163,4.81962590726947e-4,0.001261302494957533,-20.035976709763265
MK,Public Admin,Managers,2014,-10.5174055796421,4.8173015116139925e-4,0.0011051221117353766,21.40317337733537
HR,Water,Clerical,2018,-0.0645979748923959,4.816261229407331e-4,4.931647520735477e-4,-32.055781879305215
LT,Real Estate,Craft,2010,22.3699968484084,4.8161534879604545e-4,9.262184397563561e-4,-23.380436400422198
IE,Arts,Technicians,2014,22.4545701335132,4.8125490687478623e-4,7.539247820580761e-4,-25.909416343204427
CY,Health,Service,2018,5.41176250968388,4.7996030986093095e-4,5.852893231642979e-4,29.371403677887844
EU25,Finance,Managers,2010,42.4841471881509,4.794056217008667e-4,0.0017187432600114308,17.1104163410794
PT,Electricity,Clerical,2022,30.6638256023603,4.7887115313206054e-4,5.251633072153123e-4,-30.973880488172494
SK,Water,Clerical,2018,8.46057745696835,4.7871919663135585e-4,6.060927364224161e-4,28.82499112540741
SI,Manufacturing,Technicians,2010,6.07646633161844,4.768707325418097e-4,0.0018915372899468753,-16.26418185102577
IE,Hospitality,Managers,2010,14.4133759859091,4.768379826677204e-4,0.0013536354048927157,19.23569564158651
RS,Public Admin,Service,2022,21.1156347866585,4.757604305468395e-4,3.885264599468594e-4,-35.898532386017486
HU,Trade,Elementary,2014,-1.51119934921356,4.7566398691540295e-4,8.143626467540993e-4,-24.782721640223283
EA13,Construction,Service,2010,31.3109080641191,4.74677934580827e-4,0.002810711576819044,13.299355296175738
LT,Trade,Elementary,2022,12.9439783491204,4.740437985359873e-4,6.353012201461947e-4,-28.015927023197307
SK,Arts,Elementary,2022,8.6698498476268,4.7401639127543215e-4,7.264569042905154e-4,-26.19616661767339
DE,Manufacturing,Professionals,2010,24.4311593448178,4.7391737491832015e-4,0.001471841597696177,18.388347337111004
MK,Transport,Clerical,2018,8.70211544161232,4.727860245721254e-4,0.0011051221117353766,-21.203549579059043
EU25,Health,Professionals,2010,35.7659159247192,4.7260519879426216e-4,0.0018162643805440942,16.524632377251578
AT,Education Sector,Clerical,2014,-9.35216285533391,4.718990487052941e-4,4.159827182465857e-4,34.551572134579224
CY,Professional,Technicians,2010,22.8045141102161,4.710854557956409e-4,0.0014927271763142526,18.204236277928867
HU,Trade,Technicians,2018,17.4684689352648,4.7009538551166184e-4,6.12027035090557e-4,28.425192359949463
LV,Health,Technicians,2014,5.71080231092146,4.6995368452030633e-4,6.242643213429854e-4,-28.14062092883043
PT,Trade,Operators,2010,36.9318181818182,4.684398431751209e-4,0.0020876158676921366,15.34106938098764
LV,Water,Craft,2022,17.7735085485631,4.682742384729898e-4,7.543731742752809e-4,25.54999821611597
HU,Professional,Technicians,2014,4.85123420858249,4.6763185786099343e-4,4.799291723221673e-4,-32.01965091539791
EL,Hospitality,Elementary,2010,4.10220091523208,4.66747394673187e-4,0.0018957506502751311,16.072663484469228
CZ,Admin Services,Operators,2014,17.7373476099609,4.6621243721160603e-4,0.0011051221117353766,21.055627188737404
BG,Construction,Clerical,2010,-1.57235665191602,4.6590291734834434e-4,7.29324228766674e-4,-25.91982948151454
HR,Public Admin,Professionals,2010,2.89896204995135,4.658804602565025e-4,0.0018711982326496202,-16.16313272639023
LV,Health,Professionals,2018,29.009367160314,4.652265365824928e-4,7.336827888576556e-4,-25.82384613798036
BA,IT,Managers,2022,-6.35018373224748,4.6430742960157703e-4,0.001849417002422734,-16.230917163074327
AL,Other Services,Operators,2018,42.6564645935205,4.6356607015077603e-4,7.194846554216184e-4,-26.031193158120562
LT,Trade,Operators,2022,19.3746510329425,4.634707861890981e-4,0.0011051221117353766,-20.99362508778127
EE,Education Sector,Managers,2022,12.9551893132612,4.6333051272401133e-4,4.1597471442490893e-4,-34.23677861354846
DK,Real Estate,Technicians,2014,19.5587882663256,4.633024346892777e-4,9.045945185147035e-4,-23.204588972849006
PT,Water,Elementary,2022,-0.196868418642977,4.6239340706650004e-4,7.542227848441694e-4,-25.391591179717462
EA13,Electricity,Agriculture,2010,-15.4785119907111,4.6189230243813794e-4,0.0011051221117353766,-20.957844666927365
AL,Manufacturing,Professionals,2018,19.5095669629724,4.6133392509010453e-4,9.595218968675725e-4,-22.48148210907546
MK,Hospitality,Technicians,2014,-1.90984165810266,4.607641820303759e-4,9.968569513420717e-4,-22.04202001516932
EL,IT,Technicians,2010,16.8360709639605,4.5953583219797466e-4,6.12027035090557e-4,28.104127612839964
UK,Health,Service,2018,23.0046553030759,4.5918390916663385e-4,7.539247820580761e-4,25.30832337715988
EU25,Finance,Professionals,2010,42.698028086052,4.5834220742703224e-4,0.001244245655272183,19.672645090326167
TR,Transport,Technicians,2014,23.8960650448198,4.5787817323115343e-4,9.796727282479808e-4,22.165135441405546
MK,Education Sector,Professionals,2018,7.09480790231311,4.578393122500753e-4,0.0014651553436114174,-18.115049747954124
FR,Public Admin,Craft,2010,10.4538322970539,4.5706406066832483e-4,0.0011051221117353766,-20.848018880992996
PT,Professional,Craft,2010,28.447196326701,4.564590255114845e-4,9.502618492736439e-4,-22.47128799594157
PT,Manufacturing,Craft,2010,33.6109090909091,4.5583241250349613e-4,0.0015997205118446288,-17.29604639740969
BA,Admin Services,Craft,2022,41.876774085824,4.5492700984334455e-4,9.045945185147035e-4,22.993890035058662
LV,Manufacturing,Professionals,2010,19.4939447133713,4.548485968395846e-4,0.001291829170668838,-19.2322941211948
MK,Construction,Operators,2010,-11.008556221788,4.544636354471625e-4,7.539247820580761e-4,25.17790633889951
EU25,Mining,Elementary,2010,43.0258892490786,4.5419630189798694e-4,0.0011051221117353766,20.782512565690975
AT,Other Services,Professionals,2022,18.156959118515,4.5389432593089657e-4,7.259185660097786e-4,-25.643638789919585
PT,Water,Technicians,2022,-26.7735224309198,4.5149905551181136e-4,6.728939046935203e-4,-26.565891610372542
PL,Finance,Clerical,2018,17.8273517293275,4.492304351970793e-4,6.084684872945571e-4,27.86844960685261
IS,Manufacturing,Elementary,2018,15.1838166462439,4.487051101197103e-4,6.056365064158629e-4,-27.917272367224342
RS,Manufacturing,Technicians,2014,9.18647137880679,4.48569279212201e-4,0.0015848802949413915,-17.238095516574944
AT,IT,Elementary,2010,38.6207866155847,4.47546457732942e-4,0.0012591640489385946,19.323790246277476
PT,Admin Services,Professionals,2018,14.0799454529958,4.471629256532805e-4,6.077351058048637e-4,-27.821037340101935
PT,Transport,Professionals,2018,17.5311296920115,4.467786490511077e-4,7.539247820580761e-4,24.96411932697606
PL,IT,Service,2022,16.9145688011392,4.467255712101207e-4,7.539247820580761e-4,-24.96263639922727
NL,Water,Agriculture,2010,-31.3200874784794,4.455611275638502e-4,3.679149310645844e-4,-35.701110948657124
UK,Arts,Elementary,2018,17.0377906976744,4.438401383185595e-4,0.0013086092619726652,-18.875618949108986
EE,Health,Managers,2018,45.6282371690391,4.437679939546375e-4,5.852893231642979e-4,-28.24229778101189
EU25,Transport,Agriculture,2010,46.5775465142153,4.426262931537541e-4,7.539247820580761e-4,24.847840395973606
ES,Manufacturing,Professionals,2010,16.829352319706,4.4224511732674496e-4,0.0017695379471283261,16.195486738144023
RS,IT,Clerical,2018,6.96294176400461,4.415843691702699e-4,0.0010533607729173652,-20.990470266952805
UK,Mining,Professionals,2014,22.0246661197262,4.414742597766031e-4,0.0011051221117353766,20.489386196081444
LT,Construction,Clerical,2018,28.5222560295102,4.4133162305149277e-4,8.766387128581651e-4,23.006625205979574
MK,Trade,Managers,2010,19.0838929537937,4.411586880137919e-4,8.006674254651188e-4,24.07049805022639
EU25,Trade,Managers,2010,41.4848258935677,4.4028538917030395e-4,0.0017187432600114308,16.397443864784805
LU,Admin Services,Elementary,2018,15.6184267039635,4.3950694317653225e-4,0.0011051221117353766,-20.443682380026683
IT,IT,Clerical,2018,14.939399182276,4.3911920643417967e-4,8.117721166561204e-4,-23.84970783538337
TR,Arts,Service,2014,21.1378325567413,4.3815289944820567e-4,7.575729131337771e-4,24.662272632705125
BG,Other Services,Elementary,2018,4.87811065168311,4.380078583558998e-4,4.010695417059173e-4,33.901467342865324
DE,Manufacturing,Clerical,2010,12.843643761544,4.377078481950601e-4,0.001594855025117211,16.974616630032934
HR,Hospitality,Managers,2018,12.8053715551737,4.3704059357965253e-4,9.236008167466375e-4,-22.303809003037788
PT,Hospitality,Clerical,2010,2.66479663394109,4.3655016469102965e-4,4.7943672492177275e-4,-30.95314381136905
HU,Education Sector,Craft,2014,5.69250353518093,4.3544252059643697e-4,6.260222149562284e-4,27.049558752165233
NL,Transport,Operators,2014,20.5908884015393,4.343919432880911e-4,6.114291493219555e-4,27.33781451719976
SK,Hospitality,Technicians,2010,-0.172993277975484,4.342533641540189e-4,0.0012591640489385946,19.0346479328719
EU25,Manufacturing,Craft,2010,42.3609109253387,4.3369577614862063e-4,0.0011051221117353766,20.308079323120268
IT,Hospitality,Professionals,2010,19.6478586646877,4.332119924812981e-4,4.7943672492177275e-4,30.83457185855066
RO,Construction,Clerical,2010,11.205169628433,4.331969468990183e-4,7.259185660097786e-4,-25.05214793552059
FI,Mining,Technicians,2010,14.9140607004574,4.322787185509602e-4,0.0018405177337946638,-15.69905331229712
IE,Professional,Professionals,2014,17.0801986435904,4.322149109232904e-4,6.611680087677379e-4,-26.22215156282405
BG,Water,Craft,2010,6.81676047529706,4.3156666483885685e-4,5.54619530547262e-4,-28.6119221164328
EU25,Mining,Agriculture,2010,-14.4865443834516,4.312237163226983e-4,0.0011051221117353766,-20.250118728147275
UK,Professional,Operators,2018,18.7611787127987,4.2940333642621606e-4,7.539247820580761e-4,24.473875802342782
TR,Mining,Elementary,2018,23.7360214206962,4.2902964811126175e-4,4.804253209561463e-4,-30.653750261240763
SK,Hospitality,Elementary,2018,1.3982286370346,4.281461917265422e-4,9.829559033644034e-4,21.397524176261225
AT,Trade,Operators,2014,26.0964091777816,4.2806067116175846e-4,7.539247820580761e-4,24.435583191010828
EU15,Real Estate,Managers,2010,41.149431448884,4.275289008144335e-4,0.0017187432600114308,16.15815445000122
EE,Trade,Clerical,2010,26.7344162599024,4.2663678142662955e-4,7.320429956705839e-4,24.757364835596604
MK,Water,Clerical,2014,0.320654895887886,4.2638204884104324e-4,7.539247820580761e-4,24.387624560513522
LV,Transport,Professionals,2010,20.879990788451,4.2603866206841984e-4,6.18270681236779e-4,-26.923293659607804
UK,Water,Professionals,2018,11.1664027223803,4.260235359458023e-4,7.450047516615785e-4,-24.52309078344201
PL,Hospitality,Managers,2018,23.4514071000822,4.2522564379759905e-4,7.416312931198123e-4,24.55585710394926
HU,Real Estate,Clerical,2018,1.60243517057125,4.2514683570482495e-4,6.12027035090557e-4,-27.032106749375345
SI,Construction,Professionals,2022,15.2589848519851,4.2477156766684387e-4,7.264569042905154e-4,24.798121519680848
TR,Arts,Professionals,2014,26.7799707330842,4.2458938196342504e-4,0.0010801738657068426,20.324972548688383
LT,Health,Managers,2010,18.4106308795474,4.2375703476218947e-4,4.883302457095854e-4,-30.216984408375602
BG,Other Services,Professionals,2014,-0.18178104575163,4.2319598546135647e-4,3.341842234086323e-4,-36.508521228029444
EL,Mining,Clerical,2022,29.3606020036009,4.2259896713153723e-4,4.159827182465857e-4,32.69696765940635
CZ,Manufacturing,Clerical,2010,17.5506428637499,4.2050592206604776e-4,0.0012698061871353127,18.652073643021666
BE,Manufacturing,Managers,2014,17.3436714106587,4.200759347512395e-4,0.0011051221117353766,-19.98665684628638
EL,Water,Professionals,2010,25.8771007877641,4.189313774585687e-4,9.397046747120717e-4,-21.648561997963128
LV,Public Admin,Managers,2022,-1.39893787646577,4.169430242731325e-4,4.1597471442490893e-4,-32.477739929329466
TR,Electricity,Technicians,2014,6.77709467308873,4.162553981891925e-4,8.281633327399299e-4,22.98919306273669
CZ,Admin Services,Craft,2018,4.71982377027607,4.15767615853276e-4,7.542227848441694e-4,-24.07739125355993
TR,Health,Elementary,2010,11.4534494306765,4.154928430487114e-4,4.804253209561463e-4,-30.16627848221674
PT,Water,Technicians,2018,-13.4198926023884,4.153233745199417e-4,4.1597471442490893e-4,32.41459731197721
BA,Manufacturing,Managers,2022,-1.04738347375744,4.1443537321374403e-4,0.002223800256868969,-13.978972919715725
AT,Transport,Elementary,2010,27.0311802904873,4.1302562047636286e-4,0.0012554552640352868,18.591049116594796
MK,Public Admin,Clerical,2018,12.7276590034887,4.128219140833825e-4,0.0010859914451613318,19.98747235509554
FI,Public Admin,Elementary,2010,-1.27964699393271,4.127176595370201e-4,0.0013086092619726652,18.201804276986774
IE,Trade,Operators,2014,10.7551463796013,4.1262866093376156e-4,4.025277117801473e-4,32.844946228177214
EU15,Finance,Managers,2010,40.7510850070508,4.12621702623753e-4,0.0017187432600114308,15.87395151087
SK,Professional,Agriculture,2018,2.54071920672216,4.102042319709038e-4,0.0017187432600114308,-15.82738199624419
HR,Trade,Professionals,2014,13.9467810939229,4.0898486265071734e-4,7.29324228766674e-4,24.28499633553724
EE,Mining,Operators,2010,35.7330753182354,4.0836414995566543e-4,0.0014006002269309433,17.4992570949988
IE,Finance,Technicians,2014,26.8885102570362,4.0807364284344396e-4,7.539247820580761e-4,23.858290209539966
AT,Other Services,Operators,2014,43.1538879825992,4.0806264737851315e-4,4.7943672492177275e-4,-29.92616793366617
IT,Water,Craft,2022,18.9955204117089,4.0799965843913073e-4,6.169282242305395e-4,26.37583223229506
CH,Hospitality,Agriculture,2018,-4.63834744010366,4.0788707460539533e-4,6.728939046935203e-4,-25.25026526698582
LT,Professional,Operators,2022,33.2538055714238,4.077477808420829e-4,3.9475455195587975e-4,-32.97025902469359
SE,Transport,Operators,2018,7.7484736527926,4.072311207961774e-4,0.0022742708864510346,-13.701627571611205
EE,Trade,Clerical,2018,16.4299190432934,4.071632045215806e-4,7.539247820580761e-4,-23.831660664689345
AL,Transport,Clerical,2022,15.841556398851,4.064846037300414e-4,0.0013805240087883396,17.585782726694035
IE,Transport,Technicians,2014,35.624357517719,4.0610500086432394e-4,7.29324228766674e-4,-24.199344040558213
LV,Hospitality,Elementary,2014,9.64940888707705,4.052772205194701e-4,6.260222149562284e-4,26.095814970628247
LV,Transport,Clerical,2014,20.3275056954776,4.0508614538132664e-4,7.539247820580761e-4,-23.770796792647875
IE,Electricity,Managers,2010,58.3668995542815,4.048431355701032e-4,4.931647520735477e-4,-29.38967252404909
IS,Manufacturing,Operators,2010,3.04392093529474,4.0436134482711955e-4,0.002223800256868969,-13.808028393357814
HU,Real Estate,Operators,2018,8.89949369992301,4.0259104805932805e-4,6.12027035090557e-4,26.305252516706997
HU,Admin Services,Craft,2014,18.7180944223742,4.0245391126830565e-4,4.6544354066728054e-4,-30.163656658885305
BG,Trade,Service,2018,10.4275348107472,4.011097149312345e-4,6.242643213429854e-4,-25.997868154668456
RS,Arts,Technicians,2014,-3.47876371494225,4.0104515944684954e-4,0.001074641086053745,-19.804302913534542
HU,Manufacturing,Operators,2010,25.0033305208935,4.0032002919015123e-4,0.0016096976433136443,-16.158217979557442
BG,Health,Agriculture,2010,54.8976154596224,3.997386425058287e-4,5.032211729735733e-4,28.910234577284765
IT,Professional,Service,2014,-3.21399018039389,3.9890858013651214e-4,8.315047127680377e-4,-22.459736984100267
LU,Health,Clerical,2014,-2.12988601024085,3.9846789791416214e-4,9.829559033644034e-4,20.642588366818227
MK,Professional,Technicians,2018,2.23839145831298,3.9750513237852924e-4,9.770044471548716e-4,-20.680459675397223
IE,Arts,Craft,2010,35.4208804654531,3.970616623819888e-4,8.143626467540993e-4,-22.642680647551707
LT,Manufacturing,Clerical,2018,17.0724198652825,3.9502720247926295e-4,5.032211729735733e-4,28.739357216164723
EU15,Construction,Service,2010,29.6654360536107,3.9457425467165347e-4,0.002810711576819044,12.125382260311502
LU,Health,Elementary,2014,-25.349332072349,3.9346257518784524e-4,0.0010706625882344837,-19.652679527148837
RS,Professional,Clerical,2018,17.4047655967333,3.922224945747958e-4,3.9853792401290587e-4,-32.18250958455491
FR,Construction,Managers,2018,12.3136057287279,3.910091565598453e-4,7.336827888576556e-4,23.674572734175133
MK,Water,Professionals,2014,3.74939374669929,3.909997772144246e-4,7.32172218992101e-4,-23.69873364929416
HU,Finance,Managers,2018,34.4361161363682,3.908863264097025e-4,9.833959022184638e-4,-20.440680574700508
AT,Mining,Operators,2010,14.8976568812281,3.903611553121912e-4,0.0012698061871353127,17.97108757717075
AL,Education Sector,Technicians,2022,2.13144740433541,3.9025241873287634e-4,0.002223800256868969,-13.564995592984301
IT,Education Sector,Managers,2022,2.84580078978357,3.8946089440747826e-4,3.8563692436561375e-4,-32.601434793323904
HU,Hospitality,Clerical,2014,6.4628543778769,3.8935952840527454e-4,7.053793161192038e-4,24.094570867506683
PT,Construction,Professionals,2010,16.6459332977904,3.8841280810514013e-4,8.069365499301342e-4,22.49769843502458
NL,Trade,Clerical,2010,17.4745690190612,3.871967349808866e-4,0.001255415638940713,18.000647043957255
EE,Real Estate,Technicians,2018,2.04537210145939,3.871965442614264e-4,9.414630541731977e-4,20.792975104727862
IE,Manufacturing,Operators,2018,4.60458431603774,3.847369209869548e-4,0.0013086092619726652,17.573968620747156
RO,Other Services,Agriculture,2010,-4.11347517730496,3.828946828108851e-4,0.001291829170668838,17.645636565862933
EL,Finance,Managers,2010,18.8721068096294,3.8263846160100853e-4,3.916662349366945e-4,32.064739460794314
RS,Finance,Clerical,2014,10.9528917182831,3.803796057690196e-4,5.224781838937178e-4,27.676372401986757
HU,Admin Services,Clerical,2014,8.45341083425408,3.80212367579634e-4,4.8432322901617006e-4,28.740656443436386
AL,Transport,Elementary,2018,14.7924147582421,3.791203454069076e-4,0.0013805240087883396,16.98353922032474
AL,Electricity,Elementary,2018,-15.9276592697062,3.7764016816353274e-4,0.00187574418316076,-14.534446566485022
EU25,Real Estate,Managers,2010,39.7790221128008,3.7735484256431096e-4,0.0017187432600114308,15.18042672301229
BG,Water,Elementary,2010,5.81402240265513,3.7699056545118697e-4,6.218703346880211e-4,25.252638687563056
AL,Health,Clerical,2018,16.0909676685745,3.7588096204037687e-4,0.001872354565891747,-14.513722169498411
LV,IT,Professionals,2010,28.473411407753,3.754973923746159e-4,0.0017695379471283261,-14.923336923702127
LV,Education Sector,Operators,2022,29.7315653298836,3.748017934356506e-4,7.29324228766674e-4,-23.2479817134482
IS,Health,Service,2018,8.4054226267414,3.7414428757795144e-4,9.319181393704847e-4,-20.54411153303677
EL,Finance,Service,2022,11.3536947351976,3.7411746223958166e-4,4.8205940420356966e-4,28.576294091691373
MK,Trade,Clerical,2010,-6.52591170825336,3.7402502031501253e-4,8.480229535528844e-4,-21.53474228951688
MK,Arts,Technicians,2018,14.900278457037,3.7393026020069093e-4,7.539247820580761e-4,22.83838292539187
TR,Water,Elementary,2014,25.0207424742049,3.7361725562254047e-4,6.352687796968505e-4,24.87255090292382
SK,Trade,Technicians,2022,19.7677700795484,3.7262917025435605e-4,9.262184397563561e-4,20.5655760239105
EU25,Construction,Professionals,2010,31.3103999087227,3.7243981500884065e-4,0.0032849797335149544,10.891665871507529
NL,Admin Services,Agriculture,2010,-20.9369483546825,3.7203862006035944e-4,3.9475455195587975e-4,-31.493473914002184
LT,Professional,Service,2010,38.4421641791045,3.702145733403126e-4,7.575729131337771e-4,22.66976429903992
LV,Transport,Craft,2022,20.6742469579094,3.700943535397889e-4,0.0010438506995051665,19.303900211018046
ES,Professional,Clerical,2010,15.18107618245,3.700675287548029e-4,9.502618492736439e-4,20.233338925222082
PT,Construction,Managers,2010,38.7296924644806,3.6898906769876143e-4,8.143626467540993e-4,21.82758120770991
CY,Manufacturing,Professionals,2014,2.44452427667394,3.6830202856720273e-4,7.5842006868148e-4,22.59848096731382
SK,Water,Technicians,2010,12.4528679635623,3.6750531570388617e-4,0.0017187432600114308,14.981000847407563
IT,Health,Craft,2010,31.9808703969393,3.6683031970320527e-4,7.29324228766674e-4,22.99942811478479
MK,Arts,Professionals,2018,13.9529264564853,3.667079447893647e-4,5.38720678450563e-4,26.76122029174106
TR,Transport,Managers,2018,24.9377190007912,3.6626325993632575e-4,6.353012201461947e-4,-24.62591867974215
EE,Health,Professionals,2018,27.6410630933858,3.6626012328527335e-4,5.936835976433173e-4,25.475398506746735
AT,Construction,Service,2014,33.573670679572,3.662399576965122e-4,4.1597471442490893e-4,-30.438994789113952
LU,Transport,Clerical,2018,2.20524996508354,3.658597246307387e-4,0.0010706625882344837,18.950791733168348
IT,Construction,Agriculture,2010,7.45155817483704,3.653254365570384e-4,7.29324228766674e-4,-22.952203253114174
SE,Finance,Service,2010,-7.95800483959098,3.6347895136810607e-4,7.539247820580761e-4,22.5169559258171
MK,Health,Elementary,2018,0.875937382172612,3.6290607550486606e-4,7.539247820580761e-4,-22.499204544080843
HR,Trade,Service,2018,21.0496746494935,3.619095034366924e-4,0.0010533607729173652,-19.002700178559
HU,Real Estate,Craft,2018,12.0003873885139,3.6140269515068136e-4,6.260222149562284e-4,24.642823182654226
FI,Real Estate,Managers,2010,14.9887280840079,3.613278277570588e-4,0.0013086092619726652,17.030940009316918
RO,Finance,Managers,2010,10.4731185055213,3.6106456665681655e-4,9.209185573404655e-4,-20.302208889982275
PT,Education Sector,Technicians,2022,3.42007026789636,3.6027959028524535e-4,4.815938341298057e-4,28.056388724541137
HU,Hospitality,Technicians,2018,-5.08869427438553,3.599023026882126e-4,8.117721166561204e-4,-21.591566858467736
UK,Manufacturing,Managers,2014,26.3391441344668,3.59561847060195e-4,0.0011051221117353766,18.491113153436046
SK,Mining,Operators,2018,37.2237569060773,3.594733008398048e-4,3.9475455195587975e-4,-30.95707189978732
EE,Health,Craft,2022,41.5215128723759,3.571450384388109e-4,5.244685670427146e-4,26.76679344699772
MK,Public Admin,Elementary,2018,21.2132372966201,3.569469876326946e-4,0.00036867277209895087,-31.92146313528988
EL,Other Services,Service,2014,25.9215633267036,3.5665881820631204e-4,7.264569042905154e-4,22.72309830456865
PL,Health,Operators,2018,14.715985817059,3.5620710121192956e-4,4.850993256590505e-4,27.796289548062617
IT,Trade,Technicians,2022,16.3713573430612,3.559362110863015e-4,0.0012554552640352868,17.25843807740628
SE,Hospitality,Clerical,2022,-24.5744678435086,3.557906067101692e-4,7.29324228766674e-4,-22.650701884897227
FI,Hospitality,Technicians,2018,13.0392464425622,3.5545515134735177e-4,3.9475455195587975e-4,30.783568466570845
EU15,Transport,Agriculture,2010,42.9275272768663,3.547107480331864e-4,7.539247820580761e-4,22.243709704191417
SI,Education Sector,Elementary,2022,6.56903910885935,3.540834419345913e-4,5.244685670427146e-4,-26.651818444183398
LV,Manufacturing,Technicians,2010,14.1667397212238,3.539533260697982e-4,0.0013536354048927157,-16.572784176174007
NL,Other Services,Technicians,2010,6.9271362240914804,3.5336799580478726e-4,8.634230768700554e-4,-20.743796428091148
NL,Manufacturing,Professionals,2010,18.4314495140412,3.5320417460072296e-4,0.0013416820177021423,16.629019441586866
NL,Admin Services,Elementary,2018,10.4605881563046,3.518971634268787e-4,6.353012201461947e-4,24.1381313254966
SI,Professional,Managers,2010,17.7638289525304,3.5181752423989166e-4,9.502618492736439e-4,-19.728124520526052
LV,Public Admin,Service,2022,6.7419030038597,3.5106027337733996e-4,4.159827182465857e-4,29.80122424753892
HR,IT,Professionals,2022,23.3682295351826,3.50620303811125e-4,3.9853792401290587e-4,-30.42791464834402
IE,Health,Clerical,2014,17.256844132618,3.504862681536581e-4,3.341842234086323e-4,33.22453996265871
LV,Professional,Clerical,2022,30.7746983633974,3.4996596699109e-4,4.1597471442490893e-4,-29.755027094917242
SI,Manufacturing,Managers,2018,13.6774037313018,3.49353114857059e-4,4.799291723221673e-4,-27.67558805733348
EU15,Health,Professionals,2010,32.4414906165347,3.466726261823953e-4,0.0018162643805440942,14.152798856760745
TR,IT,Service,2010,23.2160259880888,3.46531531735572e-4,0.0014720180489897778,-15.723044885089921
PL,Finance,Service,2010,24.8400325237742,3.4437512213831434e-4,7.539247820580761e-4,21.91724334726716
ES,Real Estate,Technicians,2010,29.9939509562142,3.431202712128056e-4,0.0011051221117353766,18.063397668688836
CH,Transport,Managers,2018,13.7368221135264,3.4301713762351386e-4,8.486128895332945e-4,20.615600796431092
RS,Finance,Clerical,2018,10.9331451019236,3.4280440463048753e-4,0.001079862854865539,-18.26548744231127
IT,Transport,Technicians,2022,19.5166420724709,3.427133244157017e-4,5.542390237378071e-4,-25.505731153934146
LV,IT,Clerical,2010,-14.0339869281046,3.4248974056301555e-4,0.0018915372899468753,13.783378121074541
TR,Health,Professionals,2010,49.8126253562757,3.4121703566438556e-4,5.239450712508258e-4,26.17619215323112
RO,Education Sector,Agriculture,2010,6.68225860340795,3.4103614491417893e-4,4.799291723221673e-4,-27.344170473047015
RO,Transport,Professionals,2010,8.67468964731787,3.402533393972278e-4,9.38440564639207e-4,-19.5232297042386
RO,Education Sector,Service,2022,-10.8612741258202,3.39243636915511e-4,7.264569042905154e-4,-22.16138606408968
LU,Manufacturing,Managers,2010,19.599005525433,3.386437417969579e-4,0.0018162643805440942,-13.987950483897018
RS,Trade,Elementary,2018,11.0143387825179,3.3859168569933684e-4,0.0010423991925146865,-18.47692816073834
UK,Trade,Managers,2014,35.1712807136989,3.3838426437652166e-4,3.341842234086323e-4,-32.64589295484913
AT,Professional,Craft,2018,26.0292651000436,3.3751947247677487e-4,4.1597471442490893e-4,29.221120185322594
LT,Arts,Technicians,2022,-26.4117226590422,3.373424235961604e-4,3.9246652492327375e-4,30.07636134152185
HU,Public Admin,Technicians,2014,-1.63871586709659,3.3684532092244525e-4,3.9475455195587975e-4,29.966899790598003
BG,Hospitality,Managers,2014,0.0400067890308658,3.3645429115369417e-4,7.539247820580761e-4,-21.663722319794402
EL,Transport,Elementary,2014,21.1413748378729,3.3627319276498675e-4,6.372375339251731e-4,-23.560267416444752
LT,Manufacturing,Craft,2018,27.3108220670212,3.3539862917001594e-4,7.539247820580761e-4,21.62970947493268
TR,IT,Managers,2014,23.0496504241048,3.353123701082429e-4,4.804253209561463e-4,-27.099716648873457
UK,Public Admin,Professionals,2010,10.2044277605662,3.351508340491289e-4,7.671009624422889e-4,21.434937218055715
EU15,Public Admin,Service,2010,32.1976548177131,3.3448644666882996e-4,0.0013086092619726652,16.38615944939993
NL,Water,Service,2014,15.8481726210475,3.343521943266024e-4,0.0013825047590536091,15.937843013425002
DE,Other Services,Technicians,2014,15.4054931114848,3.339009225081623e-4,7.29324228766674e-4,21.94286012204167
EL,Finance,Technicians,2022,15.3914772148027,3.33391699763601e-4,0.001849417002422734,13.753639487823248
BE,Construction,Technicians,2022,5.51594699450799,3.331826928034179e-4,0.0017187432600114308,14.264292405069819
RS,Trade,Professionals,2018,32.9096246878614,3.324536760145963e-4,6.037439756543944e-4,-24.06791592107923
RS,Professional,Clerical,2022,-4.72903298342034,3.322188996216742e-4,9.414630541731977e-4,19.26030077928068
BG,Construction,Elementary,2014,-0.414379316451213,3.3199312287235285e-4,4.010695417059173e-4,-29.514952498735084
HU,Manufacturing,Craft,2010,31.2853338317058,3.310027497360103e-4,0.001594855025117211,-14.761266074052513
LV,Arts,Service,2014,17.958790129629,3.3075460709000126e-4,3.853079887355987e-4,-30.056830202886974
IE,Trade,Agriculture,2010,31.3095481148768,3.3071501985393635e-4,6.12027035090557e-4,23.8417087301452
LU,Professional,Technicians,2010,-1.12367951634783,3.306828824792051e-4,6.025857997571555e-4,-24.026816697916374
DK,Real Estate,Service,2010,15.6903969083441,3.2988411444911486e-4,0.0012591640489385946,16.590289097218186
EE,Transport,Craft,2018,14.8483642270825,3.293404636994422e-4,9.045945185147035e-4,-19.564291957910104
SK,IT,Craft,2018,21.1513967903541,3.291081108844007e-4,4.799291723221673e-4,-26.86172140653816
LT,Health,Technicians,2018,-3.58658045932026,3.289948649263416e-4,3.9475455195587975e-4,29.61563955580655
LV,Education Sector,Managers,2010,10.6375256430488,3.2806796881540965e-4,4.931647520735477e-4,26.456553742295394
ME,Trade,Clerical,2014,-16.3305866327237,3.280436890261534e-4,9.414630541731977e-4,-19.13888975832967
RO,Public Admin,Clerical,2018,-3.3490706986195,3.275208362391902e-4,7.259185660097786e-4,-21.783203119530025
RO,Professional,Elementary,2014,9.62948220386771,3.268745067126254e-4,4.931647520735477e-4,-26.40838740818061
IE,Admin Services,Managers,2022,37.8657398864079,3.265508691962071e-4,5.032211729735733e-4,26.12997359976544
CY,Health,Service,2014,0.669296371372749,3.264925949428391e-4,0.0014160152833965327,15.561408265735771
EE,Electricity,Technicians,2014,17.9964641394444,3.264533547847748e-4,8.253002688127631e-4,20.394243781278693
EE,Health,Elementary,2018,7.86770007209805,3.258546702091263e-4,0.0011051221117353766,17.603062450400166
EL,Construction,Elementary,2010,3.62047440699126,3.2576461482741785e-4,5.409553807041074e-4,25.170847433003733
IT,Water,Craft,2010,14.668039114771,3.255157595449947e-4,9.045945185147035e-4,-19.450357966821418
TR,Construction,Service,2010,0.314581791265729,3.2542475778066037e-4,7.146537997614488e-4,21.884093585632552
LV,Hospitality,Craft,2010,38.8012697772851,3.253797806129054e-4,0.0012591640489385946,16.476635477736277
CZ,Mining,Professionals,2010,22.9145577925243,3.2532045685939204e-4,0.001291829170668838,16.264973093862203
MT,Admin Services,Technicians,2014,26.5991851285969,3.2528948227241876e-4,9.377553469109101e-4,-19.096087060427667
LU,Admin Services,Technicians,2010,15.9126843657817,3.252037859913117e-4,9.829559033644034e-4,-18.648559026351872
AL,Water,Elementary,2022,-3.91341531746734,3.2468839623775355e-4,7.348180407146762e-4,-21.556876671695576
MK,Construction,Managers,2010,36.2084432717678,3.2426035029099975e-4,5.032211729735733e-4,-26.038170871404912
AL,Health,Professionals,2018,23.2864064417756,3.2404270264606576e-4,0.00210773164743903,-12.69809948501407
EL,Professional,Managers,2018,24.402768253211,3.236853866288044e-4,3.3446343624782043e-4,31.915639122113056
SI,Hospitality,Professionals,2010,9.59794105646402,3.234151742739399e-4,0.0014579098524841344,-15.26310316286151
RO,Hospitality,Clerical,2010,9.45064377682403,3.2261076438738675e-4,3.9475455195587975e-4,-29.32688817248448
LT,Real Estate,Managers,2010,14.5164568837464,3.22597338428364e-4,9.319181393704847e-4,-19.076477942607415
CZ,Other Services,Clerical,2018,9.29491243538442,3.2250733777342873e-4,4.883302457095854e-4,-26.361035145554737
PL,Public Admin,Professionals,2018,14.3693145190173,3.2225600067508015e-4,0.0013086092619726652,-16.083790983302322
DE,Professional,Clerical,2010,7.52086991343992,3.204666937217468e-4,6.060927364224161e-4,-23.584149034494583
FI,Transport,Professionals,2010,7.69027725606847,3.1988314204751055e-4,0.001291680943044049,16.129404034298126
CH,Admin Services,Agriculture,2022,8.75265297171991,3.1969854251515383e-4,6.12027035090557e-4,23.441248910634286
EL,Manufacturing,Agriculture,2022,19.8585678130118,3.196766885099294e-4,4.010695417059173e-4,28.96229872952603
EL,Manufacturing,Professionals,2022,21.7993176352145,3.1930662070260183e-4,3.9475455195587975e-4,29.17632028660491
IS,Education Sector,Professionals,2010,16.7421699312323,3.1774555424907364e-4,0.003434089802420129,9.837880603059471
EL,Manufacturing,Service,2022,27.7677500955192,3.1758932166211704e-4,4.1597471442490893e-4,28.345256382974267
SI,Construction,Operators,2022,9.96474091424442,3.1734887054432316e-4,7.416312931198123e-4,-21.213574437183496
PT,Admin Services,Craft,2018,27.8882146427658,3.1657499835207784e-4,4.931647520735477e-4,-25.98900565731306
LU,Trade,Managers,2010,54.7543218742519,3.157258467793922e-4,0.0010359279494563487,17.897887133699776
BA,Health,Craft,2022,28.2617657162487,3.155958824575859e-4,0.0014578219330622234,15.077920225265046
IT,Construction,Craft,2018,-5.60406393998485,3.1499067283899623e-4,5.852893231642979e-4,-23.79418789619552
CH,Mining,Service,2010,-0.89241363738993,3.1467368074786315e-4,0.001594855025117211,14.392558977998478
LT,Transport,Clerical,2010,34.9214569307785,3.1424369306171416e-4,7.696417697494408e-4,20.721261586808964
PT,Manufacturing,Agriculture,2010,29.5961785484907,3.1423504037186303e-4,0.001594855025117211,14.382524203143921
MK,Transport,Craft,2018,-10.8597242102914,3.138092919743276e-4,5.550221280183273e-4,-24.389238653223686
IE,Finance,Professionals,2010,17.4575366361647,3.1340182594227686e-4,4.7943672492177275e-4,26.22638597824729
EA13,Transport,Agriculture,2010,41.0492883589796,3.132599619786732e-4,7.539247820580761e-4,20.903667557969477
LU,Health,Managers,2018,29.0303303873241,3.1324119343006316e-4,6.18270681236779e-4,-23.085703689292465
IE,Electricity,Craft,2010,14.301899739095,3.1241525735682007e-4,7.539247820580761e-4,20.875465192331756
LT,Health,Technicians,2010,12.6129611717563,3.123699073191463e-4,0.0014579098524841344,15.00020649485789
HU,Health,Clerical,2014,5.29288104443713,3.1221359927898043e-4,9.397046747120717e-4,18.688890387054425
HR,IT,Clerical,2022,13.4686295323761,3.122068374644681e-4,7.264569042905154e-4,21.259951491088742
LU,Hospitality,Service,2022,13.1646713349898,3.120214490458881e-4,7.259185660097786e-4,21.261529274179292
BG,Admin Services,Managers,2014,14.1439488128089,3.1127723310186593e-4,7.539247820580761e-4,20.837409336925496
IE,Other Services,Managers,2018,37.745163000265,3.1076705662957347e-4,0.0013086092619726652,-15.794482512205715
RO,Professional,Elementary,2010,2.91365376435559,3.1073038508714045e-4,6.582957988816347e-4,-22.282141838729633
LU,IT,Elementary,2010,-15.1899324891889,3.105193348714545e-4,6.025436549703869e-4,23.2835880886809
SI,Manufacturing,Elementary,2018,16.9592414109341,3.1026525621744103e-4,7.539247820580761e-4,-20.803510064926844
HU,Hospitality,Clerical,2010,2.58995542993804,3.10247667362231e-4,3.9475455195587975e-4,-28.759466040949587
EU25,Public Admin,Service,2010,31.3412997470707,3.1000822332754186e-4,0.0013086092619726652,15.775187183910482
TR,Mining,Technicians,2010,12.6855566059429,3.098984287662868e-4,0.0010801738657068426,17.364212429000613
EU15,Education Sector,Agriculture,2010,-12.8623263961296,3.0949745249637435e-4,0.0013086092619726652,-15.762186194751237
RO,IT,Service,2010,9.6976254199647,3.0876604959336645e-4,0.001471841597696177,-14.842469105185844
RO,Construction,Operators,2022,-22.4354128685135,3.086824687140736e-4,7.539247820580761e-4,20.750378693149237
SK,IT,Operators,2018,22.0526367283045,3.0867846985162533e-4,4.931647520735477e-4,-25.662828779792203
TR,Hospitality,Professionals,2010,-3.03891037267718,3.0845349671192374e-4,0.0018405177337946638,13.261308722832858
DK,Public Admin,Technicians,2010,9.95985412644418,3.08318447765571e-4,0.001291829170668838,15.834247094700562
FR,IT,Craft,2018,9.62023911897695,3.0740535858751565e-4,7.539247820580761e-4,20.707408993853285
AT,Professional,Craft,2010,-5.24499969603015,3.0661151627877633e-4,8.446270388121565e-4,19.536932336169485
DE,Manufacturing,Elementary,2010,28.0237809038043,3.0645452833014494e-4,0.0015997205118446288,-14.181666288407579
EL,Professional,Operators,2022,11.6939926476203,3.0602446408602976e-4,8.315047127680377e-4,19.67188832636062
LV,Manufacturing,Operators,2014,18.0272972544041,3.058523188621692e-4,7.539247820580761e-4,-20.655034907175537
MK,Health,Technicians,2010,-3.59950985397733,3.057856613209253e-4,0.0014019525938602949,15.135410687564308
HR,Manufacturing,Craft,2010,33.0999732453402,3.051047374707043e-4,0.0012591640489385946,15.955033787758696
SI,Public Admin,Professionals,2018,7.18983614706612,3.042676543288477e-4,7.416312931198123e-4,-20.771758610522966
BG,Other Services,Operators,2022,13.2853626207158,3.0364300272986167e-4,3.9475455195587975e-4,-28.451698300660222
ES,Mining,Professionals,2010,4.87758820437181,3.035679698949111e-4,0.001357685345482812,-15.324982068395139
IE,IT,Elementary,2010,42.5011107408642,3.0294140983112226e-4,8.634230768700554e-4,19.206753214912407
NL,Trade,Technicians,2010,24.8349908082128,3.0292538090498605e-4,7.694831814195916e-4,20.34677381979317
NO,Construction,Technicians,2022,9.32164441227535,3.027955183575214e-4,7.539247820580761e-4,-20.551558707354324
LV,Health,Operators,2018,17.6247525084734,3.0260975076864855e-4,6.877907218228859e-4,21.511767675046777
LV,Electricity,Craft,2010,9.72026989035704,3.0228753325071896e-4,4.159827182465857e-4,27.65370848957445
HR,Arts,Professionals,2018,3.98022976222282,3.021835379870642e-4,8.143626467540993e-4,19.753054585979577
SE,Construction,Professionals,2010,10.7817261183294,3.0187759819535874e-4,4.7943672492177275e-4,-25.7396792240907
HU,Public Admin,Elementary,2014,-13.9278073896806,3.0178027599823916e-4,7.539247820580761e-4,20.517076143280878
EU15,Trade,Managers,2010,37.5236620862488,3.0159661959164725e-4,0.0017187432600114308,13.571324993885925
AT,Admin Services,Operators,2014,13.3453746844277,3.0159083398374287e-4,7.539247820580761e-4,20.510635353873532
LT,Manufacturing,Craft,2010,32.6612068710641,3.0127583892945763e-4,0.0013416820177021423,15.35804300359036
NL,Electricity,Technicians,2010,26.48368875507,3.005801317965938e-4,3.679149310645844e-4,-29.32298774184551
RS,Health,Craft,2022,-16.34828460622,3.0014869015079727e-4,0.0014384778536412025,-14.803113410737692
UK,Manufacturing,Operators,2010,28.5928657952306,2.995256730477428e-4,6.532843271207841e-4,-21.960574596803934
RO,Education Sector,Professionals,2014,9.40264761779933,2.993880421764815e-4,4.159827182465857e-4,27.520764070645733
TR,Hospitality,Elementary,2014,12.1169508408039,2.9935823359486177e-4,3.853079887355987e-4,-28.594718834855033
UK,Trade,Professionals,2018,15.8915801770533,2.992111036013747e-4,0.0011051221117353766,16.868058861723096
PT,Mining,Managers,2010,59.9885052637481,2.9910153939334875e-4,0.0012698061871353127,-15.730784710097698
NL,Arts,Clerical,2010,23.1388910755989,2.9887640658305656e-4,4.010695417059173e-4,-28.004212298131392
RO,Electricity,Service,2018,9.6992655208955,2.9882233368331554e-4,6.114291493219555e-4,-22.674067659251897
LV,Hospitality,Clerical,2010,16.116073936738,2.9878144301061823e-4,4.883302457095854e-4,25.372862749129187
BG,Transport,Elementary,2022,15.4367132316416,2.9827506763637775e-4,5.936835976433173e-4,-22.989770937150855
RO,Transport,Technicians,2014,21.0689245904046,2.979395631142508e-4,6.056365064158629e-4,-22.74869899016396
IT,Health,Clerical,2010,-0.656966745889127,2.978897801534126e-4,7.264569042905154e-4,20.76676585113452
MK,Health,Clerical,2010,-3.14189189189189,2.977500497437352e-4,0.0018405177337946638,13.029191219810919
SI,Other Services,Craft,2010,-7.18138204356506,2.9763575395900355e-4,6.12027035090557e-4,-22.617935873695227
DK,Public Admin,Operators,2010,17.1443594218463,2.973915081437782e-4,0.0012591640489385946,15.752066417882821
HU,Health,Craft,2018,14.9171592289642,2.971402292499104e-4,6.728939046935203e-4,21.55146018096166
NL,Admin Services,Operators,2018,20.8999333158203,2.9669578034315097e-4,8.734061240157735e-4,18.898602490655765
LV,Other Services,Operators,2010,42.3347270878065,2.966564687624434e-4,6.260222149562284e-4,22.326553069933027
PT,Manufacturing,Operators,2010,38.0431448727124,2.9664060345885144e-4,0.0013536354048927157,15.171823222462539
PT,Manufacturing,Service,2018,24.5905927902475,2.9652698576135186e-4,3.9475455195587975e-4,-28.116332302975753
EL,Transport,Managers,2022,31.3254526205147,2.9646414677108094e-4,0.0012606485313880415,-15.718201185475856
EU25,Construction,Agriculture,2010,27.3871235041335,2.9587522295352426e-4,0.002810711576819044,10.499904899848259
LV,Trade,Managers,2010,18.5879009075934,2.9572485284502873e-4,6.18270681236779e-4,-22.43094622935756
IT,Professional,Technicians,2014,22.8014607244,2.9536339419522544e-4,8.076873998602628e-4,19.609538286438024
AL,Manufacturing,Professionals,2022,31.0490648663443,2.94884405189562e-4,0.001849417002422734,-12.9349914978516
HU,Trade,Technicians,2022,17.9746123592006,2.943751210382256e-4,9.983354415295151e-4,-17.60516589279386
IE,Health,Professionals,2022,28.2811600475255,2.9398868457368384e-4,7.264569042905154e-4,20.630339348339568
DE,Hospitality,Service,2018,6.21968729529619,2.9390361925963216e-4,7.542227848441694e-4,20.243545007569594
LT,Hospitality,Managers,2010,17.6207602777361,2.938151461575858e-4,0.0012829367198931025,-15.510955255858676
HR,Real Estate,Managers,2022,32.4213884287821,2.9370847825550145e-4,3.9853792401290587e-4,-27.8491471606697
CZ,Trade,Clerical,2014,17.3766349518247,2.9335779777856365e-4,4.6897812126403706e-4,25.65549554782608
SE,Health,Professionals,2014,18.9393747198755,2.9314831020168716e-4,4.159827182465857e-4,-27.232465346907077
SE,IT,Professionals,2018,8.32804779113504,2.930579461913172e-4,7.416312931198123e-4,-20.38553551682155
BA,Hospitality,Professionals,2022,-7.88098480108932,2.923321349906225e-4,0.0013805240087883396,-14.913443457993859
LV,Mining,Professionals,2010,18.2864478678276,2.9151604611628464e-4,0.0013086092619726652,-15.297453669426325
LT,Construction,Craft,2022,12.2717586595914,2.909200243624547e-4,4.799291723221673e-4,-25.25523159176568
PL,Education Sector,Professionals,2010,9.76993911952764,2.9072257857597157e-4,4.799291723221673e-4,-25.24665984520641
PT,IT,Craft,2010,14.3214942314353,2.9037242180873893e-4,0.002810711576819044,-10.401806004887687
SK,Manufacturing,Elementary,2010,18.2579209494543,2.9015210196730825e-4,0.001770361690187569,13.115169937352888
PL,Professional,Service,2014,21.3989441930618,2.898447412751111e-4,7.539247820580761e-4,20.10725367930282
FR,Education Sector,Service,2018,26.5036118090452,2.8946168548999503e-4,4.159827182465857e-4,-27.060686215610666
NL,Construction,Professionals,2014,15.0828531334906,2.8937774419079086e-4,6.060927364224161e-4,22.411004569849656
ES,Construction,Agriculture,2010,42.8523003553394,2.893684606367558e-4,7.264569042905154e-4,20.46758775960193
EU25,Arts,Managers,2010,37.1251825758227,2.8909302312804194e-4,0.0017187432600114308,13.287027116075118
UK,IT,Professionals,2018,13.2296755308027,2.8684906830801695e-4,7.539247820580761e-4,20.00307513921448
IT,Transport,Operators,2018,15.7251167051085,2.8642189281196393e-4,0.0010942359497407154,-16.58569741238993
PT,Other Services,Elementary,2014,50.8950939890167,2.8594372979239273e-4,4.799291723221673e-4,25.03829987950497
ME,Transport,Technicians,2014,34.1908850386567,2.8478773900590264e-4,0.0014228256085869401,14.49866598454981
EE,Electricity,Professionals,2014,12.421681899178,2.8449093745957225e-4,8.32249390461634e-4,18.95865337942702
MK,Public Admin,Operators,2010,10.5066105066105,2.840762759068622e-4,8.480229535528844e-4,-18.767517703916393
PT,Water,Technicians,2014,-7.66285770094736,2.8379456005052513e-4,3.8563692436561375e-4,27.829590670349084
BG,Other Services,Professionals,2022,-12.2838884027955,2.837323386696523e-4,4.1597471442490893e-4,-26.79179815126837
EU25,Professional,Managers,2010,36.9494001267414,2.8366141456202733e-4,0.0017187432600114308,13.161613949468986
LT,Education Sector,Managers,2014,31.653079067468,2.8318279432419245e-4,7.053793161192038e-4,-20.54836273459646
LV,Other Services,Elementary,2018,-0.244953762603726,2.818070925286153e-4,3.9475455195587975e-4,27.40958851041562
TR,Education Sector,Elementary,2018,26.2861276031464,2.8133719842298046e-4,9.209185573404655e-4,17.92109061526594
PL,Electricity,Technicians,2018,20.5493871665465,2.8112812698604474e-4,6.21261259171475e-4,21.81758728127581
BG,Mining,Craft,2010,18.2573766638891,2.8097835700551725e-4,0.001357685345482812,-14.743766226998545
NL,Trade,Service,2010,24.2624422780913,2.8037964022178794e-4,6.353012201461947e-4,21.546116303922908
LT,Professional,Professionals,2018,19.9338415072631,2.8026703383682733e-4,7.320429956705839e-4,20.066021725768962
EU25,Mining,Clerical,2010,36.778014202579,2.802527216694119e-4,0.0011051221117353766,16.324924232861598
SK,Health,Professionals,2010,31.2583530379356,2.8014683093518735e-4,4.7943672492177275e-4,24.795938144952675
ES,Real Estate,Managers,2010,23.7777245952769,0.00028002926009177087,6.114291493219555e-4,21.949499316608453
BA,Mining,Craft,2022,33.1881619320994,2.7970767672296854e-4,0.001261302494957533,15.263567305355105
BA,Hospitality,Managers,2022,34.0370778845649,2.7908240133393223e-4,0.001849417002422734,12.583645362290701
ES,Real Estate,Managers,2014,27.4744414805351,2.7878023890270975e-4,0.0011051221117353766,16.281981157116608
UK,Health,Agriculture,2010,-9.03443526170799,2.784566638281886e-4,0.0014720180489897778,14.094318549748836
HU,IT,Agriculture,2010,40.5074314909429,2.7843465564440713e-4,0.0012591640489385946,-15.241752223050957
HR,Transport,Professionals,2018,16.5158141598529,2.781450935808694e-4,4.6897812126403706e-4,24.981429780528597
FR,Other Services,Clerical,2022,-26.384141288585,2.780510350891838e-4,3.7139971518405083e-4,28.06995723822594
UK,Admin Services,Operators,2010,19.9533994638676,2.776882969830706e-4,4.01398486163553e-4,-26.98225026906271
IS,Education Sector,Clerical,2010,9.26360225140713,2.7706304815156187e-4,0.002810711576819044,-10.160623767961178
RO,Construction,Technicians,2014,7.97457702187971,2.7666756940492385e-4,3.9475455195587975e-4,-27.158493985300407
BG,Water,Craft,2022,-2.21300508429222,2.7645239890667543e-4,6.056365064158629e-4,-21.913041302748276
FR,Admin Services,Professionals,2014,13.2672701286327,2.763656670634769e-4,6.242643213429854e-4,-21.579838559062893
PT,Health,Professionals,2022,24.6443399682501,2.760173458717985e-4,7.416312931198123e-4,19.78397531715338
LT,Mining,Managers,2018,29.9009516067752,2.7594610974353875e-4,4.8205940420356966e-4,24.54223186329213
SI,Trade,Craft,2010,18.26199375352,2.756503663008067e-4,0.0020876158676921366,-11.76814491076185
SK,Education Sector,Professionals,2014,9.78605655665789,2.7556437688652764e-4,9.377553469109101e-4,17.57603514952403
EE,Manufacturing,Professionals,2018,19.7632058287796,2.75225983787564e-4,5.032211729735733e-4,23.98878572903739
RO,Manufacturing,Operators,2014,18.8658460654246,2.7517050563308725e-4,3.3446343624782043e-4,-29.42679340752569
EU25,Mining,Service,2010,36.5695592179724,2.7516965519097956e-4,0.0011051221117353766,16.176200626773614
EU15,Professional,Managers,2010,36.6543016343572,2.746588103036038e-4,0.0017187432600114308,12.951073951966261
MK,Finance,Clerical,2010,1.0593085949889,2.7432718168994775e-4,0.0014579098524841344,-14.05714304353124
AL,Construction,Elementary,2018,7.47176811121531,2.7426069284902237e-4,7.059652782662204e-4,20.213662561178197
HU,Transport,Clerical,2022,4.56514603371998,2.741614365989304e-4,0.001045378912483437,-16.602507272143146
RS,Public Admin,Managers,2022,4.34940954180446,2.741422710275579e-4,3.9853792401290587e-4,26.905536825239643
SI,Water,Service,2010,9.63831527801879,2.7358175697642513e-4,7.539247820580761e-4,19.535008821545667
ME,Trade,Managers,2014,34.4661994651258,2.7333070250046737e-4,0.0019001024538374354,12.28545691866066
MK,Trade,Clerical,2018,2.9789614731113,2.726140802206357e-4,4.850993256590505e-4,-24.31698247917336
AL,Manufacturing,Agriculture,2018,16.042077755853,2.721939571072951e-4,0.0010943820032997204,16.167423958500994
AT,Admin Services,Service,2014,1.26655874506942,2.719940852292917e-4,4.01398486163553e-4,26.704171450107385
BG,Professional,Managers,2018,3.40899474381999,2.71714443607703e-4,3.343017760376152e-4,29.24848757194479
